SEMESTER_TERM_CODE,SSBSECT_CAMPS_CODE,CRS_TITLE,INSTRUCTOR_ID,INSTRUCTOR_NAME,CRSE_SUBJCT,CRSE_NUM,CRN,ST_ID,ST_NAME
202202,MCS,Calculus 1,18180,Khalid Ali,MATH,101,1000,202200000,Charles Vaughan
202202,MCS,Calculus 1,18180,Khalid Ali,MATH,101,1000,202200001,Wai Groves
202202,MCS,Calculus 1,18180,Khalid Ali,MATH,101,1000,202200002,Peter Hulme
202202,MCS,Calculus 1,18180,Khalid Ali,MATH,101,1000,202200003,Michal Morrison
202202,MCS,Calculus 1,18180,Khalid Ali,MATH,101,1000,202200004,Enid Bates
202202,MCS,Calculus 1,18180,Khalid Ali,MATH,101,1000,202200005,Sonia Rai
202202,MCS,Calculus 1,18180,Khalid Ali,MATH,101,1000,202200006,Angie Anderson
202202,MCS,Calculus 1,18180,Khalid Ali,MATH,101,1000,202200007,Geoffrey Godfrey
202202,MCS,Calculus 1,18180,Khalid Ali,MATH,101,1000,202200008,Sadia Gibbons
202202,MCS,Calculus 1,18180,Khalid Ali,MATH,101,1000,202200009,Liza Kaur
202202,MCS,Calculus 1,18180,Khalid Ali,MATH,101,1000,202200010,Sabina Molloy
202202,MCS,Calculus 1,18180,Khalid Ali,MATH,101,1000,202200011,Anthony Coombs
202202,MCS,Calculus 1,18180,Khalid Ali,MATH,101,1000,202200012,Narinder Howard
202202,MCS,Calculus 1,18180,Khalid Ali,MATH,101,1000,202200013,Ian Marchant
202202,MCS,Calculus 1,18180,Khalid Ali,MATH,101,1000,202200014,Kenny Wood
202202,MCS,Calculus 1,18180,Khalid Ali,MATH,101,1000,202200015,Alistair Wilkins
202202,MCS,Calculus 1,18180,Khalid Ali,MATH,101,1000,202200016,May Newton
202202,MCS,Calculus 1,18180,Khalid Ali,MATH,101,1000,202200017,Brian Thorpe
202202,MCS,Calculus 1,18180,Khalid Ali,MATH,101,1000,202200018,Melanie Wainwright
202202,MCS,Calculus 1,18180,Khalid Ali,MATH,101,1001,202200019,Harry Sandhu
202202,MCS,Calculus 1,18180,Khalid Ali,MATH,101,1001,202200020,Gwendoline Peck
202202,MCS,Calculus 1,18180,Khalid Ali,MATH,101,1001,202200021,Christina Hunter
202202,MCS,Calculus 1,18180,Khalid Ali,MATH,101,1001,202200022,Kath Coleman
202202,MCS,Calculus 1,18180,Khalid Ali,MATH,101,1001,202200023,Brett Parkes
202202,MCS,Calculus 1,18180,Khalid Ali,MATH,101,1001,202200024,Agnieszka Perry
202202,MCS,Calculus 1,18180,Khalid Ali,MATH,101,1001,202200025,Saima Dyson
202202,MCS,Calculus 1,18180,Khalid Ali,MATH,101,1001,202200026,Melvin Gill
202202,MCS,Calculus 1,18180,Khalid Ali,MATH,101,1001,202200027,Lucinda Norton
202202,MCS,Calculus 1,18180,Khalid Ali,MATH,101,1001,202200028,Shahid Crow
202202,MCS,Calculus 1,18180,Khalid Ali,MATH,101,1001,202200029,Allan Hodges
202202,MCS,Calculus 1,18180,Khalid Ali,MATH,101,1001,202200030,Hanna Barlow
202202,MCS,Calculus 1,18180,Khalid Ali,MATH,101,1001,202200031,Patrick Hooper
202202,MCS,Calculus 1,18180,Khalid Ali,MATH,101,1001,202200032,Rafal Buxton
202202,MCS,Calculus 1,18180,Khalid Ali,MATH,101,1001,202200033,Collette Hinton
202202,MCS,Calculus 1,18180,Khalid Ali,MATH,101,1001,202200034,Marianne Haywood
202202,MCS,Calculus 1,18180,Khalid Ali,MATH,101,1001,202200035,Mildred Masters
202202,MCS,Calculus 1,18180,Khalid Ali,MATH,101,1001,202200036,Kieron Chadwick
202202,MCS,Calculus 1,18180,Khalid Ali,MATH,101,1001,202200037,Robbie Sullivan
202202,MCS,Calculus 1,18180,Khalid Ali,MATH,101,1001,202200038,Maria Doyle
202202,MCS,Calculus 1,18180,Khalid Ali,MATH,101,1001,202200039,Terri Radford
202202,MCS,Calculus 1,18180,Khalid Ali,MATH,101,1002,202200040,Dale Hardy
202202,MCS,Calculus 1,18180,Khalid Ali,MATH,101,1002,202200041,Lizzie Clayton
202202,MCS,Calculus 1,18180,Khalid Ali,MATH,101,1002,202200042,Pearl Talbot
202202,MCS,Calculus 1,18180,Khalid Ali,MATH,101,1002,202200043,Tracie Farrow
202202,MCS,Calculus 1,18180,Khalid Ali,MATH,101,1002,202200044,Daryl Spooner
202202,MCS,Calculus 1,18180,Khalid Ali,MATH,101,1002,202200045,Glen Casey
202202,MCS,Calculus 1,18180,Khalid Ali,MATH,101,1002,202200046,Arnold Foster
202202,MCS,Calculus 1,18180,Khalid Ali,MATH,101,1002,202200047,Dennis Major
202202,MCS,Calculus 1,18180,Khalid Ali,MATH,101,1002,202200048,Derek Ray
202202,MCS,Calculus 1,18180,Khalid Ali,MATH,101,1002,202200049,Karina Lister
202202,MCS,Calculus 1,18180,Khalid Ali,MATH,101,1002,202200050,Mohamed Clark
202202,MCS,Calculus 1,18180,Khalid Ali,MATH,101,1002,202200051,Aleksandra Parkinson
202202,MCS,Calculus 1,18180,Khalid Ali,MATH,101,1002,202200052,Philip Bassett
202202,MCS,Calculus 1,18180,Khalid Ali,MATH,101,1002,202200053,Juan Marchant
202202,MCS,Calculus 1,18180,Khalid Ali,MATH,101,1002,202200054,Craig Millard
202202,MCS,Calculus 1,18180,Khalid Ali,MATH,101,1002,202200055,Rita Needham
202202,MCS,Calculus 1,18180,Khalid Ali,MATH,101,1002,202200056,Irene White
202202,MCS,Calculus 1,18180,Khalid Ali,MATH,101,1002,202200057,Colin Gates
202202,MCS,Calculus 1,18180,Khalid Ali,MATH,101,1002,202200058,Imogen Middleton
202202,MCS,Calculus 1,18180,Khalid Ali,MATH,101,1002,202200059,Tanya Goldsmith
202202,MCS,Calculus 1,18180,Khalid Ali,MATH,101,1002,202200060,Trevor Bird
202202,MCS,Calculus 1,18180,Khalid Ali,MATH,101,1002,202200061,Cathryn Rose
202202,MCS,Calculus 1,18180,Khalid Ali,MATH,101,1002,202200062,Dominique Hollis
202202,MCS,Calculus 1,18180,Khalid Ali,MATH,101,1002,202200063,Sian Herbert
202202,MCS,Calculus 1,18180,Khalid Ali,MATH,101,1002,202200064,May Spicer
202202,MCS,Calculus 1,18180,Khalid Ali,MATH,101,1002,202200065,Roy Gill
202202,MCS,ENGLISH 110,19839,Mouath,ENGL,110,1003,202200098,DARYL SPOONER
202202,MCS,ENGLISH 110,19839,Mouath,ENGL,110,1003,202200099,GLEN CASEY
202202,MCS,ENGLISH 110,19839,Mouath,ENGL,110,1003,202200100,ARNOLD FOSTER
202202,MCS,ENGLISH 110,19839,Mouath,ENGL,110,1003,202200101,DENNIS MAJOR
202202,MCS,ENGLISH 110,19839,Mouath,ENGL,110,1003,202200102,DEREK RAY
202202,MCS,ENGLISH 110,19839,Mouath,ENGL,110,1003,202200103,KARINA LISTER
202202,MCS,ENGLISH 110,19839,Mouath,ENGL,110,1003,202200104,MOHAMED CLARK
202202,MCS,ENGLISH 110,19839,Mouath,ENGL,110,1003,202200105,ALEKSANDRA PARKINSON
202202,MCS,ENGLISH 110,19839,Mouath,ENGL,110,1003,202200106,PHILIP BASSETT
202202,MCS,ENGLISH 110,19839,Mouath,ENGL,110,1003,202200107,JUAN MARCHANT
202202,MCS,ENGLISH 110,19839,Mouath,ENGL,110,1003,202200108,CRAIG MILLARD
202202,MCS,ENGLISH 110,19839,Mouath,ENGL,110,1003,202200109,RITA NEEDHAM
202202,MCS,ENGLISH 110,19839,Mouath,ENGL,110,1003,202200110,IRENE WHITE
202202,MCS,ENGLISH 110,19839,Mouath,ENGL,110,1003,202200111,COLIN GATES
202202,MCS,ENGLISH 110,19839,Mouath,ENGL,110,1003,202200112,IMOGEN MIDDLETON
202202,MCS,ENGLISH 110,19839,Mouath,ENGL,110,1003,202200113,TANYA GOLDSMITH
202202,MCS,ENGLISH 110,19839,Mouath,ENGL,110,1003,202200114,TREVOR BIRD
202202,MCS,ENGLISH 110,19839,Mouath,ENGL,110,1003,202200115,CATHRYN ROSE
202202,MCS,ENGLISH 110,19839,Mouath,ENGL,110,1003,202200116,DOMINIQUE HOLLIS
202202,MCS,ENGLISH 110,19839,Mouath,ENGL,110,1003,202200117,SIAN HERBERT
202202,MCS,ENGLISH 110,19839,Mouath,ENGL,110,1003,202200118,MAY SPICER
202202,MCS,ENGLISH 110,19839,Mouath,ENGL,110,1003,202200119,ROY GILL
202202,MCS,ENGLISH 110,19839,Mouath,ENGL,110,1003,202200120,M BOYCE
202202,MCS,ENGLISH 110,19839,Mouath,ENGL,110,1003,202200121,SELINA CAMPBELL
202202,MCS,ENGLISH 110,19839,Mouath,ENGL,110,1003,202200122,GLYN LAMB
202202,MCS,ENGLISH 110,19839,Mouath,ENGL,110,1003,202200123,LOUISA MOON
202202,MCS,ENGLISH 110,19839,Mouath,ENGL,110,1003,202200124,VIVIAN ROGERS
202202,MCS,ENGLISH 110,19839,Mouath,ENGL,110,1003,202200125,ZENA CHANDLER
202202,MCS,ENGLISH 110,19839,Mouath,ENGL,110,1003,202200126,VIKKI RAI
202202,MCS,ENGLISH 110,19839,Mouath,ENGL,110,1003,202200127,MAX IRELAND
202202,MCS,ENGLISH 110,19839,Mouath,ENGL,110,1003,202200128,GIOVANNI MIAH
202202,MCS,ENGLISH 110,19839,Mouath,ENGL,110,1003,202200129,NATHALIE GREEN
202202,MCS,ENGLISH 110,19839,Mouath,ENGL,110,1003,202200130,ELLIE DOUGLAS
202202,MCS,ENGLISH 110,19839,Mouath,ENGL,110,1003,202200131,FRANCIS SADLER
202202,MCS,ENGLISH 110,19839,Mouath,ENGL,110,1003,202200132,LAWRENCE DREW
202202,MCS,ENGLISH 110,19839,Mouath,ENGL,110,1004,202200133,DERRICK MEREDITH
202202,MCS,ENGLISH 110,19839,Mouath,ENGL,110,1004,202200134,NEAL WELLS
202202,MCS,ENGLISH 110,19839,Mouath,ENGL,110,1004,202200135,CLARA GEE
202202,MCS,ENGLISH 110,19839,Mouath,ENGL,110,1004,202200136,JOSH DRIVER
202202,MCS,ENGLISH 110,19839,Mouath,ENGL,110,1004,202200137,GRETA COLES
202202,MCS,ENGLISH 110,19839,Mouath,ENGL,110,1004,202200138,ALLISON ARMSTRONG
202202,MCS,ENGLISH 110,19839,Mouath,ENGL,110,1004,202200139,ANDREAS HADLEY
202202,MCS,ENGLISH 110,19839,Mouath,ENGL,110,1004,202200140,ANDRZEJ HEWITT
202202,MCS,ENGLISH 110,19839,Mouath,ENGL,110,1004,202200141,PAULETTE HAYWARD
202202,MCS,ENGLISH 110,19839,Mouath,ENGL,110,1004,202200142,NANA SLADE
202202,MCS,ENGLISH 110,19839,Mouath,ENGL,110,1004,202200143,LORETTA SYKES
202202,MCS,ENGLISH 110,19839,Mouath,ENGL,110,1004,202200144,WINIFRED BECKETT
202202,MCS,ENGLISH 110,19839,Mouath,ENGL,110,1004,202200145,SIDNEY WATT
202202,MCS,ENGLISH 110,19839,Mouath,ENGL,110,1004,202200146,ASHA COLLIER
202202,MCS,ENGLISH 110,19839,Mouath,ENGL,110,1004,202200147,FLORENCE HOBBS
202202,MCS,ENGLISH 110,19839,Mouath,ENGL,110,1004,202200148,BERNADETTE SADLER
202202,MCS,ENGLISH 110,19839,Mouath,ENG,110,1004,202200149,IBRAHIM CRAVEN
202202,MCS,ENGLISH 110,19839,Mouath,ENGL,110,1004,202200150,KATE LYON
202202,MCS,ENGLISH 110,19839,Mouath,ENGL,110,1004,202200151,WILFRED BANKS
202202,MCS,ENGLISH 110,19839,Mouath,ENGL,110,1004,202200152,KIRAN HENDERSON
202202,MCS,ENGLISH 110,19839,Mouath,ENGL,110,1004,202200153,DARYL SPOONER
202202,MCS,ENGLISH 110,19839,Mouath,ENGL,110,1004,202200154,GLEN CASEY
202202,MCS,ENGLISH 110,19839,Mouath,ENGL,110,1004,202200155,ARNOLD FOSTER
202202,MCS,ENGLISH 110,19839,Mouath,ENGL,110,1004,202200156,DENNIS MAJOR
202202,MCS,ENGLISH 110,19839,Mouath,ENGL,110,1004,202200157,DEREK RAY
202202,MCS,ENGLISH 110,19839,Mouath,ENGL,110,1004,202200158,KARINA LISTER
202202,MCS,ENGLISH 110,19839,Mouath,ENGL,110,1004,202200159,MOHAMED CLARK
202202,MCS,ENGLISH 110,19839,Mouath,ENGL,110,1004,202200160,ALEKSANDRA PARKINSON
202202,MCS,ENGLISH 110,19839,Mouath,ENGL,110,1004,202200161,PHILIP BASSETT
202202,MCS,ENGLISH 110,19839,Mouath,ENGL,110,1004,202200162,JUAN MARCHANT
202202,MCS,ENGLISH 110,19839,Mouath,ENGL,110,1004,202200163,CRAIG MILLARD
202202,MCS,ENGLISH 110,19839,Mouath,ENGL,110,1004,202200164,RITA NEEDHAM
202202,MCS,ENGLISH 110,19839,Mouath,ENGL,110,1004,202200165,IRENE WHITE
202202,MCS,ENGLISH 110,19839,Mouath,ENGL,110,1004,202200166,COLIN GATES
202202,MCS,ENGLISH 114,11532,Anas Khalid,ENGL,114,1005,202200167,IMOGEN MIDDLETON
202202,MCS,ENGLISH 114,11532,Anas Khalid,ENGL,114,1005,202200168,TANYA GOLDSMITH
202202,MCS,ENGLISH 114,11532,Anas Khalid,ENGL,114,1005,202200169,TREVOR BIRD
202202,MCS,ENGLISH 114,11532,Anas Khalid,ENGL,114,1005,202200170,CATHRYN ROSE
202202,MCS,ENGLISH 114,11532,Anas Khalid,ENGL,114,1005,202200171,DOMINIQUE HOLLIS
202202,MCS,ENGLISH 114,11532,Anas Khalid,ENGL,114,1005,202200172,SIAN HERBERT
202202,MCS,ENGLISH 114,11532,Anas Khalid,ENGL,114,1005,202200173,MAY SPICER
202202,MCS,ENGLISH 114,11532,Anas Khalid,ENGL,114,1005,202200174,ROY GILL
202202,MCS,ENGLISH 114,11532,Anas Khalid,ENGL,114,1005,202200175,M BOYCE
202202,MCS,ENGLISH 114,11532,Anas Khalid,ENGL,114,1005,202200176,SELINA CAMPBELL
202202,MCS,ENGLISH 114,11532,Anas Khalid,ENGL,114,1005,202200177,GLYN LAMB
202202,MCS,ENGLISH 114,11532,Anas Khalid,ENGL,114,1005,202200178,LOUISA MOON
202202,MCS,ENGLISH 114,11532,Anas Khalid,ENGL,114,1005,202200179,VIVIAN ROGERS
202202,MCS,ENGLISH 114,11532,Anas Khalid,ENGL,114,1005,202200180,ZENA CHANDLER
202202,MCS,ENGLISH 114,11532,Anas Khalid,ENGL,114,1005,202200181,VIKKI RAI
202202,MCS,ENGLISH 114,11532,Anas Khalid,ENGL,114,1005,202200182,MAX IRELAND
202202,MCS,ENGLISH 114,11532,Anas Khalid,ENGL,114,1006,202200183,GIOVANNI MIAH
202202,MCS,ENGLISH 114,11532,Anas Khalid,ENGL,114,1006,202200184,NATHALIE GREEN
202202,MCS,ENGLISH 114,11532,Anas Khalid,ENGL,114,1006,202200185,ELLIE DOUGLAS
202202,MCS,ENGLISH 114,11532,Anas Khalid,ENGL,114,1006,202200186,FRANCIS SADLER
202202,MCS,ENGLISH 114,11532,Anas Khalid,ENGL,114,1006,202200187,LAWRENCE DREW
202202,MCS,ENGLISH 114,11532,Anas Khalid,ENGL,114,1006,202200188,DERRICK MEREDITH
202202,MCS,ENGLISH 114,11532,Anas Khalid,ENGL,114,1006,202200189,NEAL WELLS
202202,MCS,ENGLISH 114,11532,Anas Khalid,ENGL,114,1006,202200190,CLARA GEE
202202,MCS,ENGLISH 114,11532,Anas Khalid,ENGL,114,1006,202200191,JOSH DRIVER
202202,MCS,ENGLISH 114,11532,Anas Khalid,ENGL,114,1006,202200192,GRETA COLES
202202,MCS,ENGLISH 114,11532,Anas Khalid,ENGL,114,1006,202200193,ALLISON ARMSTRONG
202202,MCS,ENGLISH 114,11532,Anas Khalid,ENGL,114,1006,202200194,ANDREAS HADLEY
202202,MCS,ENGLISH 114,11532,Anas Khalid,ENGL,114,1006,202200195,ANDRZEJ HEWITT
202202,MCS,ENGLISH 114,11532,Anas Khalid,ENGL,114,1006,202200196,PAULETTE HAYWARD
202202,MCS,ENGLISH 114,11532,Anas Khalid,ENGL,114,1006,202200197,NANA SLADE
202202,MCS,SWE 312,25789,YOUSSF BAKR,SWE,312,1007,201717001,Max Ireland
202202,MCS,SWE 312,25789,YOUSSF BAKR,SWE,312,1007,201717002,Giovanni Miah
202202,MCS,SWE 312,25789,YOUSSF BAKR,SWE,312,1007,201717003,Nathalie Green
202202,MCS,SWE 312,25789,YOUSSF BAKR,SWE,312,1007,201717004,Ellie Douglas
202202,MCS,SWE 312,25789,YOUSSF BAKR,SWE,312,1007,201717005,Francis Sadler
202202,MCS,SWE 312,25789,YOUSSF BAKR,SWE,312,1007,201717006,Lawrence Drew
202202,MCS,SWE 312,25789,YOUSSF BAKR,SWE,312,1007,201717007,Derrick Meredith
202202,MCS,SWE 312,25789,YOUSSF BAKR,SWE,312,1007,201717008,Neal Wells
202202,MCS,SWE 312,25789,YOUSSF BAKR,SWE,312,1007,201717009,Clara Gee
202202,MCS,SWE 312,25789,YOUSSF BAKR,SWE,312,1007,201717010,Josh Driver
202202,MCS,SWE 312,25789,YOUSSF BAKR,SWE,312,1007,201717011,Greta Coles
202202,MCS,SWE 312,25789,YOUSSF BAKR,SWE,312,1007,201717012,Allison Armstrong
202202,MCS,SWE 312,25789,YOUSSF BAKR,SWE,312,1007,201717013,Andreas Hadley
202202,MCS,SWE 312,25789,YOUSSF BAKR,SWE,312,1007,201717014,Andrzej Hewitt
202202,MCS,SWE 312,25789,YOUSSF BAKR,SWE,312,1007,201717015,Paulette Hayward
202202,MCS,SWE 312,25789,YOUSSF BAKR,SWE,312,1007,201717016,Nana Slade
202202,MCS,SWE 312,25789,YOUSSF BAKR,SWE,312,1007,201717017,Loretta Sykes
202202,MCS,SWE 312,25789,YOUSSF BAKR,SWE,312,1007,201717018,Winifred Beckett
202202,MCS,SWE 312,25789,YOUSSF BAKR,SWE,312,1007,201717019,Sidney Watt
202202,MCS,SWE 312,25789,YOUSSF BAKR,SWE,312,1007,201717020,Asha Collier
202202,MCS,SWE 312,25789,YOUSSF BAKR,SWE,312,1007,201717021,Florence Hobbs
202202,MCS,SWE 312,25789,YOUSSF BAKR,SWE,312,1007,201717022,Bernadette Sadler
202202,MCS,SWE 312,25789,YOUSSF BAKR,SWE,312,1007,201717023,Ibrahim Craven
202202,MCS,SWE 312,25789,YOUSSF BAKR,SWE,312,1007,201717024,Kate Lyon
202202,MCS,SWE 312,25789,YOUSSF BAKR,SWE,312,1007,201717025,Wilfred Banks
202202,MCS,SWE 312,25789,YOUSSF BAKR,SWE,312,1007,201717026,Kiran Henderson
202202,MCS,SWE 312,25789,YOUSSF BAKR,SWE,312,1007,201717027,Daryl Spooner
202202,MCS,SWE 312,25789,YOUSSF BAKR,SWE,312,1007,201717028,Glen Casey
202202,MCS,SWE 312,25789,YOUSSF BAKR,SWE,312,1007,201717029,Arnold Foster
202202,MCS,SWE 312,25789,YOUSSF BAKR,SWE,312,1007,201717030,Dennis Major
202202,MCS,SWE 312,25789,YOUSSF BAKR,SWE,312,1007,201717564,Selina Campbell
202202,MCS,SWE 312,25789,YOUSSF BAKR,SWE,312,1007,201717564,Glyn Lamb
202202,MCS,SWE 312,25789,YOUSSF BAKR,SWE,312,1007,201717564,Louisa Moon
202202,MCS,SWE 312,25789,YOUSSF BAKR,SWE,312,1007,201717564,Zena Chandler
202202,MCS,SWE 312,25789,YOUSSF BAKR,SWE,312,1008,201717564,Vikki Rai
202202,MCS,SWE 312,25789,YOUSSF BAKR,SWE,312,1008,201717564,Max Ireland
202202,MCS,SWE 312,25789,YOUSSF BAKR,SWE,312,1008,201717564,Giovanni Miah
202202,MCS,SWE 312,25789,YOUSSF BAKR,SWE,312,1008,201717564,Nathalie Green
202202,MCS,SWE 312,25789,YOUSSF BAKR,SWE,312,1008,201717564,Ellie Douglas
202202,MCS,SWE 312,25789,YOUSSF BAKR,SWE,312,1008,201717564,Francis Sadler
202202,MCS,SWE 312,25789,YOUSSF BAKR,SWE,312,1008,201717564,Lawrence Drew
202202,MCS,SWE 312,25789,YOUSSF BAKR,SWE,312,1008,201717564,Derrick Meredith
202202,MCS,SWE 312,25789,YOUSSF BAKR,SWE,312,1008,201717564,Neal Wells
202202,MCS,SWE 312,25789,YOUSSF BAKR,SWE,312,1008,201717564,Clara Gee
202202,MCS,SWE 312,25789,YOUSSF BAKR,SWE,312,1008,201717564,Josh Driver
202202,MCS,SWE 312,25789,YOUSSF BAKR,SWE,312,1008,201717564,Greta Coles
202202,MCS,SWE 312,25789,YOUSSF BAKR,SWE,312,1008,201717564,Allison Armstrong
202202,MCS,SWE 312,25789,YOUSSF BAKR,SWE,312,1008,201717564,Andreas Hadley
202202,MCS,SWE 312,25789,YOUSSF BAKR,SWE,312,1008,201717564,Andrzej Hewitt
202202,MCS,SWE 312,25789,YOUSSF BAKR,SWE,312,1008,201717564,Paulette Hayward
202202,MCS,SWE 312,25789,YOUSSF BAKR,SWE,312,1008,201717564,Nana Slade
202202,MCS,SWE 312,25789,YOUSSF BAKR,SWE,312,1008,201717564,Loretta Sykes
202202,MCS,SWE 312,25789,YOUSSF BAKR,SWE,312,1008,201717564,Winifred Beckett
202202,MCS,SWE 312,25789,YOUSSF BAKR,SWE,312,1008,201717564,Sidney Watt
202202,MCS,SWE 312,25789,YOUSSF BAKR,SWE,312,1008,201717564,Asha Collier
202202,MCS,SWE 312,25789,YOUSSF BAKR,SWE,312,1008,201717564,Derek Ray
202202,MCS,SWE 312,25789,YOUSSF BAKR,SWE,312,1008,201717564,Karina Lister
202202,MCS,SWE 312,25789,YOUSSF BAKR,SWE,312,1008,201717564,Mohamed Clark
202202,MCS,SWE 312,25789,YOUSSF BAKR,SWE,312,1008,201717564,Aleksandra Parkinson
202202,MCS,ICS 432,24395,Ayman Fahad,ICS,432,1009,201716012,Mohamed Clark
202202,MCS,ICS 432,24395,Ayman Fahad,ICS,432,1009,201716012,Aleksandra Parkinson
202202,MCS,ICS 432,24395,Ayman Fahad,ICS,432,1009,201716012,Philip Bassett
202202,MCS,ICS 432,24395,Ayman Fahad,ICS,432,1009,201716012,Juan Marchant
202202,MCS,ICS 432,24395,Ayman Fahad,ICS,432,1009,201716012,Craig Millard
202202,MCS,ICS 432,24395,Ayman Fahad,ICS,432,1009,201716012,Louisa Moon
202202,MCS,ICS 432,24395,Ayman Fahad,ICS,432,1009,201716012,Vivian Rogers
202202,MCS,ICS 432,24395,Ayman Fahad,ICS,432,1009,201716012,Zena Chandler
202202,MCS,ICS 432,24395,Ayman Fahad,ICS,432,1009,201716012,Vikki Rai
202202,MCS,ICS 432,24395,Ayman Fahad,ICS,432,1009,201716012,Max Ireland
202202,MCS,ICS 432,24395,Ayman Fahad,ICS,432,1009,201716012,Giovanni Miah
202202,MCS,ICS 432,24395,Ayman Fahad,ICS,432,1009,201716012,Nathalie Green
202202,MCS,ICS 432,24395,Ayman Fahad,ICS,432,1009,201716012,Ellie Douglas
202202,MCS,ICS 432,24395,Ayman Fahad,ICS,432,1009,201716012,Neal Wells
202202,MCS,ICS 432,24395,Ayman Fahad,ICS,432,1009,201716012,Clara Gee
202202,MCS,ICS 432,24395,Ayman Fahad,ICS,432,1009,201716012,Josh Driver
202202,MCS,ICS 432,24395,Ayman Fahad,ICS,432,1009,201716012,Greta Coles
202202,MCS,ICS 432,24395,Ayman Fahad,ICS,432,1009,201716012,Allison Armstrong
202202,MCS,ICS 432,24395,Ayman Fahad,ICS,432,1009,201716012,Andreas Hadley
202202,MCS,ICS 432,24395,Ayman Fahad,ICS,432,1009,201716012,Andrzej Hewitt
202202,MCS,ICS 432,24395,Ayman Fahad,ICS,432,1009,201716012,Paulette Hayward
202202,MCS,ICS 432,24395,Ayman Fahad,ICS,432,1009,201716012,Nana Slade
202202,MCS,ICS 432,24395,Ayman Fahad,ICS,432,1009,201716012,Loretta Sykes
202202,MCS,ICS 432,24395,Ayman Fahad,ICS,432,1009,201716012,Winifred Beckett
202202,MCS,ICS 432,24395,Ayman Fahad,ICS,432,1009,201716012,Sidney Watt
202202,MCS,ICS 432,24395,Ayman Fahad,ICS,432,1009,201716012,Asha Collier
202202,MCS,ICS 432,24395,Ayman Fahad,ICS,432,1009,201716012,Florence Hobbs
202202,MCS,ICS 432,24395,Ayman Fahad,ICS,432,1009,201716012,Bernadette Sadler
202202,MCS,ICS 432,24395,Ayman Fahad,ICS,432,1009,201716012,Philip Bassett
202202,MCS,ICS 432,24395,Ayman Fahad,ICS,432,1009,201716012,Tanya Goldsmith
202202,MCS,ICS 432,24395,Ayman Fahad,ICS,432,1009,201716012,Trevor Bird
202202,MCS,ICS 432,24395,Ayman Fahad,ICS,432,1010,201716012,Cathryn Rose
202202,MCS,ICS 432,24395,Ayman Fahad,ICS,432,1010,201716012,Dominique Hollis
202202,MCS,ICS 432,24395,Ayman Fahad,ICS,432,1010,201716012,Sian Herbert
202202,MCS,ICS 432,24395,Ayman Fahad,ICS,432,1010,201716012,May Spicer
202202,MCS,ICS 432,24395,Ayman Fahad,ICS,432,1010,201716012,Roy Gill
202202,MCS,ICS 432,24395,Ayman Fahad,ICS,432,1010,201716012,M Boyce
202202,MCS,ICS 432,24395,Ayman Fahad,ICS,432,1010,201716012,Selina Campbell
202202,MCS,ICS 432,24395,Ayman Fahad,ICS,432,1010,201716012,Glyn Lamb
202202,MCS,ICS 432,24395,Ayman Fahad,ICS,432,1010,201716012,Louisa Moon
202202,MCS,ICS 432,24395,Ayman Fahad,ICS,432,1010,201716012,Vivian Rogers
202202,MCS,ICS 432,24395,Ayman Fahad,ICS,432,1010,201716012,Zena Chandler
202202,MCS,ICS 432,24395,Ayman Fahad,ICS,432,1010,201716012,Vikki Rai
202202,MCS,ICS 432,24395,Ayman Fahad,ICS,432,1010,201716012,Max Ireland
202202,MCS,ICS 432,24395,Ayman Fahad,ICS,432,1010,201716012,Giovanni Miah
202202,MCS,ICS 432,24395,Ayman Fahad,ICS,432,1010,201716012,Nathalie Green
202202,MCS,ICS 432,24395,Ayman Fahad,ICS,432,1010,201716012,Ellie Douglas
202202,MCS,ICS 432,24395,Ayman Fahad,ICS,432,1010,201716012,Francis Sadler
202202,MCS,ICS 432,24395,Ayman Fahad,ICS,432,1010,201716012,Lawrence Drew
202202,MCS,ICS 432,24395,Ayman Fahad,ICS,432,1010,201716012,Derrick Meredith
202202,MCS,ICS 432,24395,Ayman Fahad,ICS,432,1010,201716012,Neal Wells
202202,MCS,ICS 432,24395,Ayman Fahad,ICS,432,1010,201716012,Clara Gee
202202,MCS,ICS 432,24395,Ayman Fahad,ICS,432,1011,201716012,Josh Driver
202202,MCS,ICS 432,24395,Ayman Fahad,ICS,432,1011,201716012,Charles Vaughan
202202,MCS,ICS 432,24395,Ayman Fahad,ICS,432,1011,201716012,Wai Groves
202202,MCS,ICS 432,24395,Ayman Fahad,ICS,432,1011,201716012,Peter Hulme
202202,MCS,ICS 432,24395,Ayman Fahad,ICS,432,1011,201716012,Michal Morrison
202202,MCS,ICS 432,24395,Ayman Fahad,ICS,432,1011,201716012,Enid Bates
202202,MCS,ICS 432,24395,Ayman Fahad,ICS,432,1011,201716012,Sonia Rai
202202,MCS,ICS 432,24395,Ayman Fahad,ICS,432,1011,201716012,Angie Anderson
202202,MCS,ICS 432,24395,Ayman Fahad,ICS,432,1011,201716012,Geoffrey Godfrey
202202,MCS,ICS 432,24395,Ayman Fahad,ICS,432,1011,201716012,Sadia Gibbons
202202,MCS,ICS 432,24395,Ayman Fahad,ICS,432,1011,201716012,Liza Kaur
202202,MCS,ICS 432,24395,Ayman Fahad,ICS,432,1011,201716012,Sabina Molloy
202202,MCS,ICS 432,24395,Ayman Fahad,ICS,432,1011,201716012,Anthony Coombs
202202,MCS,ICS 432,24395,Ayman Fahad,ICS,432,1011,201716012,Narinder Howard
202202,MCS,ICS 432,24395,Ayman Fahad,ICS,432,1011,201716012,Ian Marchant
202202,MCS,ICS 432,24395,Ayman Fahad,ICS,432,1011,201716012,Kenny Wood
202202,MCS,ICS 432,24395,Ayman Fahad,ICS,432,1011,201716012,Alistair Wilkins
202202,MCS,ICS 353,12424,Majed Mohammed,ICS,353,1012,201818211,Rafal Buxton
202202,MCS,ICS 353,12424,Majed Mohammed,ICS,353,1012,201818212,Collette Hinton
202202,MCS,ICS 353,12424,Majed Mohammed,ICS,353,1012,201818213,Marianne Haywood
202202,MCS,ICS 353,12424,Majed Mohammed,ICS,353,1012,201818214,Mildred Masters
202202,MCS,ICS 353,12424,Majed Mohammed,ICS,353,1012,201818215,Kieron Chadwick
202202,MCS,ICS 353,12424,Majed Mohammed,ICS,353,1012,201818216,Robbie Sullivan
202202,MCS,ICS 353,12424,Majed Mohammed,ICS,353,1012,201818217,Maria Doyle
202202,MCS,ICS 353,12424,Majed Mohammed,ICS,353,1012,201818218,Terri Radford
202202,MCS,ICS 353,12424,Majed Mohammed,ICS,353,1012,201818219,Dale Hardy
202202,MCS,ICS 353,12424,Majed Mohammed,ICS,353,1012,201818220,Lizzie Clayton
202202,MCS,ICS 353,12424,Majed Mohammed,ICS,353,1012,201818221,Pearl Talbot
202202,MCS,ICS 353,12424,Majed Mohammed,ICS,353,1012,201818222,Tracie Farrow
202202,MCS,ICS 353,12424,Majed Mohammed,ICS,353,1012,201818223,Daryl Spooner
202202,MCS,ICS 353,12424,Majed Mohammed,ICS,353,1012,201818224,Glen Casey
202202,MCS,ICS 353,12424,Majed Mohammed,ICS,353,1012,201818225,Arnold Foster
202202,MCS,ICS 353,12424,Majed Mohammed,ICS,353,1012,201818226,Dennis Major
202202,MCS,ICS 353,12424,Majed Mohammed,ICS,353,1012,201818227,Derek Ray
202202,MCS,ICS 353,12424,Majed Mohammed,ICS,353,1012,201818228,Karina Lister
202202,MCS,ICS 353,12424,Majed Mohammed,ICS,353,1012,201818229,Mohamed Clark
202202,MCS,ICS 353,12424,Majed Mohammed,ICS,353,1012,201818230,Aleksandra Parkinson
202202,MCS,ICS 353,12424,Majed Mohammed,ICS,353,1012,201818231,Philip Bassett
202202,MCS,ICS 353,12424,Majed Mohammed,ICS,353,1012,201818232,Juan Marchant
202202,MCS,ICS 353,12424,Majed Mohammed,ICS,353,1012,201818233,Craig Millard
202202,MCS,ICS 353,12424,Majed Mohammed,ICS,353,1013,201818234,Rita Needham
202202,MCS,ICS 353,12424,Majed Mohammed,ICS,353,1013,201818235,Irene White
202202,MCS,ICS 353,12424,Majed Mohammed,ICS,353,1013,201818236,Colin Gates
202202,MCS,ICS 353,12424,Majed Mohammed,ICS,353,1013,201818237,Imogen Middleton
202202,MCS,ICS 353,12424,Majed Mohammed,ICS,353,1013,201818238,Tanya Goldsmith
202202,MCS,ICS 353,12424,Majed Mohammed,ICS,353,1013,201818239,Trevor Bird
202202,MCS,ICS 353,12424,Majed Mohammed,ICS,353,1013,201818240,Cathryn Rose
202202,MCS,ICS 353,12424,Majed Mohammed,ICS,353,1013,201818241,Dominique Hollis
202202,MCS,ICS 353,12424,Majed Mohammed,ICS,353,1013,201818242,Sian Herbert
202202,MCS,ICS 353,12424,Majed Mohammed,ICS,353,1013,201818247,Glyn Lamb
202202,MCS,ICS 353,12424,Majed Mohammed,ICS,353,1013,201818299,Ian Marchant
202202,MCS,ICS 353,12424,Majed Mohammed,ICS,353,1013,201818300,Kenny Wood
202202,MCS,ICS 353,12424,Majed Mohammed,ICS,353,1013,201818301,Alistair Wilkins
202202,MCS,ICS 353,12424,Majed Mohammed,ICS,353,1013,201818302,May Newton
202202,MCS,ICS 353,12424,Majed Mohammed,ICS,353,1013,201818303,Brian Thorpe
202202,MCS,ICS 353,12424,Majed Mohammed,ICS,353,1013,201818304,Melanie Wainwright
202202,MCS,ICS 353,12424,Majed Mohammed,ICS,353,1013,201818305,Harry Sandhu
202202,MCS,ICS 353,12424,Majed Mohammed,ICS,353,1013,201818306,Gwendoline Peck
202202,MCS,ICS 353,12424,Majed Mohammed,ICS,353,1013,201818307,Christina Hunter
202202,MCS,ICS 353,12424,Majed Mohammed,ICS,353,1013,201818308,Kath Coleman
202202,MCS,ICS 353,12424,Majed Mohammed,ICS,353,1013,201818309,Brett Parkes
202202,MCS,ICS 353,12424,Majed Mohammed,ICS,353,1013,201818310,Agnieszka Perry
202202,MCS,ICS 353,12424,Majed Mohammed,ICS,353,1014,201818311,Saima Dyson
202202,MCS,ICS 353,12424,Majed Mohammed,ICS,353,1014,201818312,Melvin Gill
202202,MCS,ICS 353,12424,Majed Mohammed,ICS,353,1014,201818313,Lucinda Norton
202202,MCS,ICS 353,12424,Majed Mohammed,ICS,353,1014,201818314,Shahid Crow
202202,MCS,ICS 353,12424,Majed Mohammed,ICS,353,1014,201818315,Allan Hodges
202202,MCS,ICS 353,12424,Majed Mohammed,ICS,353,1014,201818316,Hanna Barlow
202202,MCS,ICS 353,12424,Majed Mohammed,ICS,353,1014,201818317,Patrick Hooper
202202,MCS,ICS 353,12424,Majed Mohammed,ICS,353,1014,201818318,Rafal Buxton
202202,MCS,ICS 353,12424,Majed Mohammed,ICS,353,1014,201818319,Collette Hinton
202202,MCS,ICS 353,12424,Majed Mohammed,ICS,353,1014,201818320,Marianne Haywood
202202,MCS,ICS 353,12424,Majed Mohammed,ICS,353,1014,201818321,Mildred Masters
202202,MCS,ICS 353,12424,Majed Mohammed,ICS,353,1014,201818322,Kieron Chadwick
202202,MCS,ICS 353,12424,Majed Mohammed,ICS,353,1014,201818323,Robbie Sullivan
202202,MCS,ICS 353,12424,Majed Mohammed,ICS,353,1014,201818324,Maria Doyle
202202,MCS,ICS 353,12424,Majed Mohammed,ICS,353,1014,201818325,Terri Radford
202202,MCS,ICS 353,12424,Majed Mohammed,ICS,353,1014,201818326,Dale Hardy
202202,MCS,ICS 353,12424,Majed Mohammed,ICS,353,1014,201818327,Lizzie Clayton
202202,MCS,ICS 353,12424,Majed Mohammed,ICS,353,1014,201818328,Pearl Talbot
202202,MCS,ICS 353,12424,Majed Mohammed,ICS,353,1014,201818329,Tracie Farrow
202202,MCS,ICS 353,12424,Majed Mohammed,ICS,353,1014,201818330,Daryl Spooner
202202,MCS,ICS 353,12424,Majed Mohammed,ICS,353,1014,201818331,Glen Casey
202202,MCS,STAT 319,82424,Leo Fares,STAT,319,1015,201818341,Andreas Hadley
202202,MCS,STAT 319,82424,Leo Fares,STAT,319,1015,201818341,Andrzej Hewitt
202202,MCS,STAT 319,82424,Leo Fares,STAT,319,1015,201818341,Paulette Hayward
202202,MCS,STAT 319,82424,Leo Fares,STAT,319,1015,201818341,Nana Slade
202202,MCS,STAT 319,82424,Leo Fares,STAT,319,1015,201818341,Max Ireland
202202,MCS,STAT 319,82424,Leo Fares,STAT,319,1015,201818341,Giovanni Miah
202202,MCS,STAT 319,82424,Leo Fares,STAT,319,1015,201818341,Nathalie Green
202202,MCS,STAT 319,82424,Leo Fares,STAT,319,1015,201818341,Ellie Douglas
202202,MCS,STAT 319,82424,Leo Fares,STAT,319,1015,201818341,Francis Sadler
202202,MCS,STAT 319,82424,Leo Fares,STAT,319,1015,201818341,Lawrence Drew
202202,MCS,STAT 319,82424,Leo Fares,STAT,319,1015,201818341,Derrick Meredith
202202,MCS,STAT 319,82424,Leo Fares,STAT,319,1015,201818341,Bernadette Sadler
202202,MCS,STAT 319,82424,Leo Fares,STAT,319,1015,201818341,Ibrahim Craven
202202,MCS,STAT 319,82424,Leo Fares,STAT,319,1015,201818341,Kate Lyon
202202,MCS,STAT 319,82424,Leo Fares,STAT,319,1015,201818341,Wilfred Banks
202202,MCS,STAT 319,82424,Leo Fares,STAT,319,1015,201818341,Kiran Henderson
202202,MCS,STAT 319,82424,Leo Fares,STAT,319,1015,201818341,Daryl Spooner
202202,MCS,STAT 319,82424,Leo Fares,STAT,319,1015,201818341,Derrick Meredith
202202,MCS,STAT 319,82424,Leo Fares,STAT,319,1015,201818341,Neal Wells
202202,MCS,STAT 319,82424,Leo Fares,STAT,319,1015,201818341,Clara Gee
202202,MCS,STAT 319,82424,Leo Fares,STAT,319,1015,201818341,Josh Driver
202202,MCS,STAT 319,82424,Leo Fares,STAT,319,1015,201818341,Greta Coles
202202,MCS,STAT 319,82424,Leo Fares,STAT,319,1015,201818341,Allison Armstrong
202202,MCS,STAT 319,82424,Leo Fares,STAT,319,1015,201818341,Andreas Hadley
202202,MCS,STAT 319,82424,Leo Fares,STAT,319,1015,201818341,Andrzej Hewitt
202202,MCS,STAT 319,82424,Leo Fares,STAT,319,1016,201818341,Paulette Hayward
202202,MCS,STAT 319,82424,Leo Fares,STAT,319,1016,201818341,Nana Slade
202202,MCS,STAT 319,82424,Leo Fares,STAT,319,1016,201818341,Loretta Sykes
202202,MCS,STAT 319,82424,Leo Fares,STAT,319,1016,201818341,Winifred Beckett
202202,MCS,STAT 319,82424,Leo Fares,STAT,319,1016,201818341,Sidney Watt
202202,MCS,STAT 319,82424,Leo Fares,STAT,319,1016,201818341,Asha Collier
202202,MCS,STAT 319,82424,Leo Fares,STAT,319,1016,201818341,Florence Hobbs
202202,MCS,STAT 319,82424,Leo Fares,STAT,319,1016,201818341,Bernadette Sadler
202202,MCS,STAT 319,82424,Leo Fares,STAT,319,1016,201818341,Ibrahim Craven
202202,MCS,STAT 319,82424,Leo Fares,STAT,319,1016,201818341,Kate Lyon
202202,MCS,STAT 319,82424,Leo Fares,STAT,319,1016,201818341,Wilfred Banks
202202,MCS,STAT 319,82424,Leo Fares,STAT,319,1016,201818341,Kiran Henderson
202202,MCS,STAT 319,82424,Leo Fares,STAT,319,1016,201818341,Daryl Spooner
202202,MCS,STAT 319,82424,Leo Fares,STAT,319,1016,201818341,Glen Casey
202202,MCS,STAT 319,82424,Leo Fares,STAT,319,1016,201818341,Arnold Foster
202202,MCS,STAT 319,82424,Leo Fares,STAT,319,1016,201818341,Dennis Major
202202,MCS,STAT 319,82424,Leo Fares,STAT,319,1016,201818341,Derek Ray
202202,MCS,STAT 319,82424,Leo Fares,STAT,319,1016,201818341,Tanya Goldsmith
202202,MCS,STAT 319,82424,Leo Fares,STAT,319,1016,201818341,Trevor Bird
202202,MCS,STAT 319,82424,Leo Fares,STAT,319,1016,201818341,Cathryn Rose
202202,MCS,STAT 319,82424,Leo Fares,STAT,319,1016,201818341,Dominique Hollis
202202,MCS,STAT 319,82424,Leo Fares,STAT,319,1016,201818341,Sian Herbert
202202,MCS,STAT 319,82424,Leo Fares,STAT,319,1016,201818341,May Spicer
202202,MCS,STAT 319,82424,Leo Fares,STAT,319,1016,201818341,Nathalie Green
202202,MCS,SWE 444,51424,John Moyer,SWE,444,1017,201818341,Ellie Douglas
202202,MCS,SWE 444,51424,John Moyer,SWE,444,1017,201818341,Francis Sadler
202202,MCS,SWE 444,51424,John Moyer,SWE,444,1017,201818341,Lawrence Drew
202202,MCS,SWE 444,51424,John Moyer,SWE,444,1017,201818341,Derrick Meredith
202202,MCS,SWE 444,51424,John Moyer,SWE,444,1017,201818341,Neal Wells
202202,MCS,SWE 444,51424,John Moyer,SWE,444,1017,201818341,Clara Gee
202202,MCS,SWE 444,51424,John Moyer,SWE,444,1017,201818341,Josh Driver
202202,MCS,SWE 444,51424,John Moyer,SWE,444,1017,201818341,Greta Coles
202202,MCS,SWE 444,51424,John Moyer,SWE,444,1017,201818341,Michal Morrison
202202,MCS,SWE 444,51424,John Moyer,SWE,444,1017,201818341,Enid Bates
202202,MCS,SWE 444,51424,John Moyer,SWE,444,1017,201818341,Sonia Rai
202202,MCS,SWE 444,51424,John Moyer,SWE,444,1017,201818341,Angie Anderson
202202,MCS,SWE 444,51424,John Moyer,SWE,444,1017,201818341,Geoffrey Godfrey
202202,MCS,SWE 444,51424,John Moyer,SWE,444,1017,201818341,Sadia Gibbons
202202,MCS,SWE 444,51424,John Moyer,SWE,444,1017,201818341,Liza Kaur
202202,MCS,SWE 444,51424,John Moyer,SWE,444,1017,201818341,Sabina Molloy
202202,MCS,SWE 444,51424,John Moyer,SWE,444,1017,201818341,Anthony Coombs
202202,MCS,SWE 444,51424,John Moyer,SWE,444,1017,201818341,Narinder Howard
202202,MCS,SWE 444,51424,John Moyer,SWE,444,1017,201818341,Ian Marchant
202202,MCS,SWE 444,51424,John Moyer,SWE,444,1017,201818341,Kenny Wood
202202,MCS,SWE 444,51424,John Moyer,SWE,444,1017,201818341,Alistair Wilkins
202202,MCS,SWE 444,51424,John Moyer,SWE,444,1018,201818341,May Newton
202202,MCS,SWE 444,51424,John Moyer,SWE,444,1018,201818341,Brian Thorpe
202202,MCS,SWE 444,51424,John Moyer,SWE,444,1018,201818341,Melanie Wainwright
202202,MCS,SWE 444,51424,John Moyer,SWE,444,1018,201818341,Harry Sandhu
202202,MCS,SWE 444,51424,John Moyer,SWE,444,1018,201818341,Gwendoline Peck
202202,MCS,SWE 444,51424,John Moyer,SWE,444,1018,201818341,Christina Hunter
202202,MCS,SWE 444,51424,John Moyer,SWE,444,1018,201818341,Kath Coleman
202202,MCS,SWE 444,51424,John Moyer,SWE,444,1018,201818341,Brett Parkes
202202,MCS,SWE 444,51424,John Moyer,SWE,444,1018,201818341,Agnieszka Perry
202202,MCS,SWE 444,51424,John Moyer,SWE,444,1018,201818341,Collette Hinton
202202,MCS,SWE 444,51424,John Moyer,SWE,444,1018,201818341,Marianne Haywood
202202,MCS,SWE 444,51424,John Moyer,SWE,444,1018,201818341,Mildred Masters
202202,MCS,SWE 444,51424,John Moyer,SWE,444,1018,201818341,Kieron Chadwick
202202,MCS,SWE 444,51424,John Moyer,SWE,444,1018,201818341,Robbie Sullivan
202202,MCS,SWE 444,51424,John Moyer,SWE,444,1018,201818341,Maria Doyle
202202,MCS,SWE 444,51424,John Moyer,SWE,444,1018,201818341,Terri Radford
202202,MCS,SWE 444,51424,John Moyer,SWE,444,1019,201818341,Dale Hardy
202202,MCS,SWE 444,51424,John Moyer,SWE,444,1019,201818341,Lizzie Clayton
202202,MCS,SWE 444,51424,John Moyer,SWE,444,1019,201818341,Pearl Talbot
202202,MCS,SWE 444,51424,John Moyer,SWE,444,1019,201818341,Tracie Farrow
202202,MCS,SWE 444,51424,John Moyer,SWE,444,1019,201818341,Daryl Spooner
202202,MCS,SWE 444,51424,John Moyer,SWE,444,1019,201818341,Glen Casey
202202,MCS,SWE 444,51424,John Moyer,SWE,444,1019,201818341,Arnold Foster
202202,MCS,SWE 444,51424,John Moyer,SWE,444,1019,201818341,Dennis Major
202202,MCS,SWE 444,51424,John Moyer,SWE,444,1019,201818341,Derek Ray
202202,MCS,SWE 444,51424,John Moyer,SWE,444,1019,201818341,Karina Lister
202202,MCS,SWE 444,51424,John Moyer,SWE,444,1019,201818341,Mohamed Clark
202202,MCS,SWE 444,51424,John Moyer,SWE,444,1019,201818341,Aleksandra Parkinson
202202,MCS,SWE 444,51424,John Moyer,SWE,444,1019,201818341,Philip Bassett
202202,MCS,SWE 444,51424,John Moyer,SWE,444,1019,201818341,Juan Marchant
202202,MCS,SWE 444,51424,John Moyer,SWE,444,1019,201818341,Craig Millard
202202,MCS,SWE 444,51424,John Moyer,SWE,444,1019,201818341,Rita Needham
202202,MCS,ICS 334,96324,Rabee Yousef,ICS,334,1020,202000000,Mohamed Clark
202202,MCS,ICS 334,96324,Rabee Yousef,ICS,334,1020,202000001,Aleksandra Parkinson
202202,MCS,ICS 334,96324,Rabee Yousef,ICS,334,1020,202000002,Philip Bassett
202202,MCS,ICS 334,96324,Rabee Yousef,ICS,334,1020,202000003,Juan Marchant
202202,MCS,ICS 334,96324,Rabee Yousef,ICS,334,1020,202000004,Craig Millard
202202,MCS,ICS 334,96324,Rabee Yousef,ICS,334,1020,202000005,Rita Needham
202202,MCS,ICS 334,96324,Rabee Yousef,ICS,334,1020,202000006,Mohamed Clark
202202,MCS,ICS 334,96324,Rabee Yousef,ICS,334,1020,202000007,Aleksandra Parkinson
202202,MCS,ICS 334,96324,Rabee Yousef,ICS,334,1020,202000008,Charles Vaughan
202202,MCS,ICS 334,96324,Rabee Yousef,ICS,334,1020,202000009,Wai Groves
202202,MCS,ICS 334,96324,Rabee Yousef,ICS,334,1020,202000010,Peter Hulme
202202,MCS,ICS 334,96324,Rabee Yousef,ICS,334,1020,202000011,Michal Morrison
202202,MCS,ICS 334,96324,Rabee Yousef,ICS,334,1020,202000012,Enid Bates
202202,MCS,ICS 334,96324,Rabee Yousef,ICS,334,1020,202000013,Sonia Rai
202202,MCS,ICS 334,96324,Rabee Yousef,ICS,334,1020,202000014,Angie Anderson
202202,MCS,ICS 334,96324,Rabee Yousef,ICS,334,1020,202000015,Geoffrey Godfrey
202202,MCS,ICS 334,96324,Rabee Yousef,ICS,334,1020,202000016,Sadia Gibbons
202202,MCS,ICS 334,96324,Rabee Yousef,ICS,334,1020,202000017,Liza Kaur
202202,MCS,ICS 334,96324,Rabee Yousef,ICS,334,1020,202000018,Sabina Molloy
202202,MCS,ICS 334,96324,Rabee Yousef,ICS,334,1020,202000019,Anthony Coombs
202202,MCS,ICS 334,96324,Rabee Yousef,ICS,334,1020,202000020,Narinder Howard
202202,MCS,ICS 334,96324,Rabee Yousef,ICS,334,1020,202000021,Ian Marchant
202202,MCS,ICS 334,96324,Rabee Yousef,ICS,334,1020,202000022,Kenny Wood
202202,MCS,ICS 334,96324,Rabee Yousef,ICS,334,1020,202000023,Alistair Wilkins
202202,MCS,ICS 334,96324,Rabee Yousef,ICS,334,1020,202000024,May Newton
202202,MCS,ICS 334,96324,Rabee Yousef,ICS,334,1020,202000025,Brian Thorpe
202202,MCS,ICS 334,96324,Rabee Yousef,ICS,334,1020,202000026,Melanie Wainwright
202202,MCS,ICS 334,96324,Rabee Yousef,ICS,334,1020,202000027,Harry Sandhu
202202,MCS,ICS 334,96324,Rabee Yousef,ICS,334,1020,202000028,Gwendoline Peck
202202,MCS,ICS 334,96324,Rabee Yousef,ICS,334,1020,202000029,Christina Hunter
202202,MCS,ICS 334,96324,Rabee Yousef,ICS,334,1020,202000030,Kath Coleman
202202,MCS,ICS 334,96324,Rabee Yousef,ICS,334,1021,202000031,Brett Parkes
202202,MCS,ICS 334,96324,Rabee Yousef,ICS,334,1021,202000032,Agnieszka Perry
202202,MCS,ICS 334,96324,Rabee Yousef,ICS,334,1021,202000033,Saima Dyson
202202,MCS,ICS 334,96324,Rabee Yousef,ICS,334,1021,202000034,Melvin Gill
202202,MCS,ICS 334,96324,Rabee Yousef,ICS,334,1021,202000035,Lucinda Norton
202202,MCS,ICS 334,96324,Rabee Yousef,ICS,334,1021,202000036,Shahid Crow
202202,MCS,ICS 334,96324,Rabee Yousef,ICS,334,1021,202000037,Allan Hodges
202202,MCS,ICS 334,96324,Rabee Yousef,ICS,334,1021,202000038,Hanna Barlow
202202,MCS,ICS 334,96324,Rabee Yousef,ICS,334,1021,202000039,Patrick Hooper
202202,MCS,ICS 334,96324,Rabee Yousef,ICS,334,1021,202000040,Rafal Buxton
202202,MCS,ICS 334,96324,Rabee Yousef,ICS,334,1021,202000041,Collette Hinton
202202,MCS,ICS 334,96324,Rabee Yousef,ICS,334,1021,202000042,Marianne Haywood
202202,MCS,ICS 334,96324,Rabee Yousef,ICS,334,1021,202000043,Mildred Masters
202202,MCS,ICS 334,96324,Rabee Yousef,ICS,334,1021,202000044,Kieron Chadwick
202202,MCS,ICS 334,96324,Rabee Yousef,ICS,334,1021,202000045,Robbie Sullivan
202202,MCS,ICS 334,96324,Rabee Yousef,ICS,334,1021,202000046,Maria Doyle
202202,MCS,ICS 334,96324,Rabee Yousef,ICS,334,1021,202000047,Terri Radford
202202,MCS,ICS 334,96324,Rabee Yousef,ICS,334,1021,202000048,Dale Hardy
202202,MCS,ICS 334,96324,Rabee Yousef,ICS,334,1021,202000049,Lizzie Clayton
202202,MCS,ICS 334,96324,Rabee Yousef,ICS,334,1021,202000050,Pearl Talbot
202202,MCS,ICS 334,96324,Rabee Yousef,ICS,334,1021,202000051,Tracie Farrow
202202,MCS,ICS 334,96324,Rabee Yousef,ICS,334,1021,202000052,Daryl Spooner
202202,MCS,ICS 334,96324,Rabee Yousef,ICS,334,1021,202000053,Glen Casey
202202,MCS,ICS 334,96324,Rabee Yousef,ICS,334,1021,202000054,Arnold Foster
202202,MCS,ICS 334,96324,Rabee Yousef,ICS,334,1021,202000055,Dennis Major
202202,MCS,ICS 334,96324,Rabee Yousef,ICS,334,1021,202000056,Derek Ray
202202,MCS,ICS 334,96324,Rabee Yousef,ICS,334,1021,202000057,Karina Lister
202202,MCS,ICS 334,96324,Rabee Yousef,ICS,334,1021,202000058,Mohamed Clark
202202,MCS,ICS 334,96324,Rabee Yousef,ICS,334,1021,202000059,Aleksandra Parkinson
202202,MCS,ICS 334,96324,Rabee Yousef,ICS,334,1021,202000060,Philip Bassett
202202,MCS,ICS 334,96324,Rabee Yousef,ICS,334,1021,202000061,Juan Marchant
202202,MCS,ICS 334,96324,Rabee Yousef,ICS,334,1022,202000062,Craig Millard
202202,MCS,ICS 334,96324,Rabee Yousef,ICS,334,1022,202000063,Rita Needham
202202,MCS,ICS 334,96324,Rabee Yousef,ICS,334,1022,202000064,Irene White
202202,MCS,ICS 334,96324,Rabee Yousef,ICS,334,1022,202000065,Colin Gates
202202,MCS,ICS 334,96324,Rabee Yousef,ICS,334,1022,202000066,Imogen Middleton
202202,MCS,ICS 334,96324,Rabee Yousef,ICS,334,1022,202000067,Tanya Goldsmith
202202,MCS,ICS 334,96324,Rabee Yousef,ICS,334,1022,202000068,Trevor Bird
202202,MCS,ICS 334,96324,Rabee Yousef,ICS,334,1022,202000069,Cathryn Rose
202202,MCS,ICS 334,96324,Rabee Yousef,ICS,334,1022,202000070,Dominique Hollis
202202,MCS,ICS 334,96324,Rabee Yousef,ICS,334,1022,202000071,Sian Herbert
202202,MCS,ICS 334,96324,Rabee Yousef,ICS,334,1022,202000072,May Spicer
202202,MCS,ICS 334,96324,Rabee Yousef,ICS,334,1022,202000073,Roy Gill
202202,MCS,ICS 334,96324,Rabee Yousef,ICS,334,1022,202000074,DARYL SPOONER
202202,MCS,ICS 334,96324,Rabee Yousef,ICS,334,1022,202000075,GLEN CASEY
202202,MCS,ICS 334,96324,Rabee Yousef,ICS,334,1022,202000076,ARNOLD FOSTER
202202,MCS,ICS 334,96324,Rabee Yousef,ICS,334,1022,202000077,DENNIS MAJOR
202202,MCS,ICS 334,96324,Rabee Yousef,ICS,334,1022,202000078,DEREK RAY
202202,MCS,ICS 334,96324,Rabee Yousef,ICS,334,1022,202000079,KARINA LISTER
202202,MCS,ICS 334,96324,Rabee Yousef,ICS,334,1022,202000080,MOHAMED CLARK
202202,MCS,ICS 334,96324,Rabee Yousef,ICS,334,1022,202000081,ALEKSANDRA PARKINSON
202202,MCS,ICS 334,96324,Rabee Yousef,ICS,334,1022,202000082,PHILIP BASSETT
202202,MCS,ICS 334,96324,Rabee Yousef,ICS,334,1022,202000083,JUAN MARCHANT
202202,MCS,ICS 334,96324,Rabee Yousef,ICS,334,1022,202000084,CRAIG MILLARD
202202,MCS,ICS 334,96324,Rabee Yousef,ICS,334,1022,202000085,RITA NEEDHAM
202202,MCS,ICS 334,96324,Rabee Yousef,ICS,334,1022,202000086,IRENE WHITE
202202,MCS,ICS 334,96324,Rabee Yousef,ICS,334,1022,202000087,COLIN GATES
202202,MCS,ICS 334,96324,Rabee Yousef,ICS,334,1022,202000088,IMOGEN MIDDLETON
202202,MCS,ICS 334,96324,Rabee Yousef,ICS,334,1022,202000089,TANYA GOLDSMITH
202202,MCS,ICS 334,96324,Rabee Yousef,ICS,334,1022,202000090,TREVOR BIRD
202202,MCS,ICS 201,56757,Saad Ali,ICS,201,1023,202000091,CATHRYN ROSE
202202,MCS,ICS 201,56757,Saad Ali,ICS,201,1023,202000092,DOMINIQUE HOLLIS
202202,MCS,ICS 201,56757,Saad Ali,ICS,201,1023,202000093,SIAN HERBERT
202202,MCS,ICS 201,56757,Saad Ali,ICS,201,1023,202000094,MAY SPICER
202202,MCS,ICS 201,56757,Saad Ali,ICS,201,1023,202000095,ROY GILL
202202,MCS,ICS 201,56757,Saad Ali,ICS,201,1023,202000096,M BOYCE
202202,MCS,ICS 201,56757,Saad Ali,ICS,201,1023,202000097,SELINA CAMPBELL
202202,MCS,ICS 201,56757,Saad Ali,ICS,201,1023,202000098,GLYN LAMB
202202,MCS,ICS 201,56757,Saad Ali,ICS,201,1023,202000099,LOUISA MOON
202202,MCS,ICS 201,56757,Saad Ali,ICS,201,1023,202000100,VIVIAN ROGERS
202202,MCS,ICS 201,56757,Saad Ali,ICS,201,1023,202000101,ZENA CHANDLER
202202,MCS,ICS 201,56757,Saad Ali,ICS,201,1023,202000102,VIKKI RAI
202202,MCS,ICS 201,56757,Saad Ali,ICS,201,1023,202000103,MAX IRELAND
202202,MCS,ICS 201,56757,Saad Ali,ICS,201,1023,202000104,GIOVANNI MIAH
202202,MCS,ICS 201,56757,Saad Ali,ICS,201,1023,202000105,NATHALIE GREEN
202202,MCS,ICS 201,56757,Saad Ali,ICS,201,1023,202000106,ELLIE DOUGLAS
202202,MCS,ICS 201,56757,Saad Ali,ICS,201,1023,202000107,FRANCIS SADLER
202202,MCS,ICS 201,56757,Saad Ali,ICS,201,1023,202000108,LAWRENCE DREW
202202,MCS,ICS 201,56757,Saad Ali,ICS,201,1023,202000109,DERRICK MEREDITH
202202,MCS,ICS 201,56757,Saad Ali,ICS,201,1023,202000110,NEAL WELLS
202202,MCS,ICS 201,56757,Saad Ali,ICS,201,1023,202000111,CLARA GEE
202202,MCS,ICS 201,56757,Saad Ali,ICS,201,1023,202000112,JOSH DRIVER
202202,MCS,ICS 201,56757,Saad Ali,ICS,201,1023,202000113,GRETA COLES
202202,MCS,ICS 201,56757,Saad Ali,ICS,201,1023,202000114,ALLISON ARMSTRONG
202202,MCS,ICS 201,56757,Saad Ali,ICS,201,1023,202000115,ANDREAS HADLEY
202202,MCS,ICS 201,56757,Saad Ali,ICS,201,1023,202000116,ANDRZEJ HEWITT
202202,MCS,ICS 201,56757,Saad Ali,ICS,201,1023,202000117,PAULETTE HAYWARD
202202,MCS,ICS 201,56757,Saad Ali,ICS,201,1023,202000118,NANA SLADE
202202,MCS,ICS 201,56757,Saad Ali,ICS,201,1023,202000119,LORETTA SYKES
202202,MCS,ICS 201,56757,Saad Ali,ICS,201,1023,202000120,WINIFRED BECKETT
202202,MCS,ICS 201,56757,Saad Ali,ICS,201,1024,202000121,SIDNEY WATT
202202,MCS,ICS 201,56757,Saad Ali,ICS,201,1024,202000122,ASHA COLLIER
202202,MCS,ICS 201,56757,Saad Ali,ICS,201,1024,202000123,FLORENCE HOBBS
202202,MCS,ICS 201,56757,Saad Ali,ICS,201,1024,202000124,BERNADETTE SADLER
202202,MCS,ICS 201,56757,Saad Ali,ICS,201,1024,202000125,IBRAHIM CRAVEN
202202,MCS,ICS 201,56757,Saad Ali,ICS,201,1024,202000126,KATE LYON
202202,MCS,ICS 201,56757,Saad Ali,ICS,201,1024,202000127,WILFRED BANKS
202202,MCS,ICS 201,56757,Saad Ali,ICS,201,1024,202000128,KIRAN HENDERSON
202202,MCS,ICS 201,56757,Saad Ali,ICS,201,1024,202000129,DARYL SPOONER
202202,MCS,ICS 201,56757,Saad Ali,ICS,201,1024,202000130,GLEN CASEY
202202,MCS,ICS 201,56757,Saad Ali,ICS,201,1024,202000131,ARNOLD FOSTER
202202,MCS,ICS 201,56757,Saad Ali,ICS,201,1024,202000132,DENNIS MAJOR
202202,MCS,ICS 201,56757,Saad Ali,ICS,201,1024,202000133,DEREK RAY
202202,MCS,ICS 201,56757,Saad Ali,ICS,201,1024,202000134,KARINA LISTER
202202,MCS,ICS 201,56757,Saad Ali,ICS,201,1024,202000135,MOHAMED CLARK
202202,MCS,ICS 201,56757,Saad Ali,ICS,201,1024,202000136,ALEKSANDRA PARKINSON
202202,MCS,ICS 201,56757,Saad Ali,ICS,201,1024,202000137,PHILIP BASSETT
202202,MCS,ICS 201,56757,Saad Ali,ICS,201,1024,202000138,JUAN MARCHANT
202202,MCS,ICS 201,56757,Saad Ali,ICS,201,1024,202000139,CRAIG MILLARD
202202,MCS,ICS 201,56757,Saad Ali,ICS,201,1024,202000140,RITA NEEDHAM
202202,MCS,ICS 201,56757,Saad Ali,ICS,201,1024,202000141,IRENE WHITE
202202,MCS,ICS 201,56757,Saad Ali,ICS,201,1024,202000142,COLIN GATES
202202,MCS,ICS 201,56757,Saad Ali,ICS,201,1024,202000143,IMOGEN MIDDLETON
202202,MCS,ICS 201,56757,Saad Ali,ICS,201,1024,202000144,TANYA GOLDSMITH
202202,MCS,ICS 201,56757,Saad Ali,ICS,201,1024,202000145,TREVOR BIRD
202202,MCS,ICS 201,56757,Saad Ali,ICS,201,1024,202000146,CATHRYN ROSE
202202,MCS,ICS 201,56757,Saad Ali,ICS,201,1024,202000147,DOMINIQUE HOLLIS
202202,MCS,ICS 201,56757,Saad Ali,ICS,201,1024,202000148,SIAN HERBERT
202202,MCS,ICS 201,56757,Saad Ali,ICS,201,1024,202000149,MAY SPICER
202202,MCS,ICS 201,56757,Saad Ali,ICS,201,1024,202000150,ROY GILL
202202,MCS,ICS 201,56757,Saad Ali,ICS,201,1025,202000151,M BOYCE
202202,MCS,ICS 201,56757,Saad Ali,ICS,201,1025,202000152,SELINA CAMPBELL
202202,MCS,ICS 201,56757,Saad Ali,ICS,201,1025,202000153,GLYN LAMB
202202,MCS,ICS 201,56757,Saad Ali,ICS,201,1025,202000154,LOUISA MOON
202202,MCS,ICS 201,56757,Saad Ali,ICS,201,1025,202000155,VIVIAN ROGERS
202202,MCS,ICS 201,56757,Saad Ali,ICS,201,1025,202000156,ZENA CHANDLER
202202,MCS,ICS 201,56757,Saad Ali,ICS,201,1025,202000157,VIKKI RAI
202202,MCS,ICS 201,56757,Saad Ali,ICS,201,1025,202000158,MAX IRELAND
202202,MCS,ICS 201,56757,Saad Ali,ICS,201,1025,202000159,GIOVANNI MIAH
202202,MCS,ICS 201,56757,Saad Ali,ICS,201,1025,202000160,NATHALIE GREEN
202202,MCS,ICS 201,56757,Saad Ali,ICS,201,1025,202000161,ELLIE DOUGLAS
202202,MCS,ICS 201,56757,Saad Ali,ICS,201,1025,202000162,FRANCIS SADLER
202202,MCS,ICS 201,56757,Saad Ali,ICS,201,1025,202000163,LAWRENCE DREW
202202,MCS,ICS 201,56757,Saad Ali,ICS,201,1025,202000164,DERRICK MEREDITH
202202,MCS,ICS 201,56757,Saad Ali,ICS,201,1025,202000165,NEAL WELLS
202202,MCS,ICS 201,56757,Saad Ali,ICS,201,1025,202000166,CLARA GEE
202202,MCS,ICS 201,56757,Saad Ali,ICS,201,1025,202000167,JOSH DRIVER
202202,MCS,ICS 201,56757,Saad Ali,ICS,201,1025,202000168,GRETA COLES
202202,MCS,ICS 201,56757,Saad Ali,ICS,201,1025,202000169,ALLISON ARMSTRONG
202202,MCS,ICS 201,56757,Saad Ali,ICS,201,1025,202000170,ANDREAS HADLEY
202202,MCS,ICS 201,56757,Saad Ali,ICS,201,1025,202000171,ANDRZEJ HEWITT
202202,MCS,ICS 201,56757,Saad Ali,ICS,201,1025,202000172,PAULETTE HAYWARD
202202,MCS,ICS 201,56757,Saad Ali,ICS,201,1025,202000173,NANA SLADE
202202,MCS,ICS 201,56757,Saad Ali,ICS,201,1025,202000174,Max Ireland
202202,MCS,ICS 201,56757,Saad Ali,ICS,201,1025,202000175,Giovanni Miah
202202,MCS,ICS 201,56757,Saad Ali,ICS,201,1025,202000176,Nathalie Green
202202,MCS,ICS 201,56757,Saad Ali,ICS,201,1025,202000177,Ellie Douglas
202202,MCS,ICS 201,56757,Saad Ali,ICS,201,1025,202000178,Francis Sadler
202202,MCS,ICS 201,56757,Saad Ali,ICS,201,1025,202000179,Lawrence Drew
202202,MCS,ICS 201,56757,Saad Ali,ICS,201,1025,202000180,Derrick Meredith
202202,MCS,ICS 201,56757,Saad Ali,ICS,201,1026,202000181,Neal Wells
202202,MCS,ICS 201,56757,Saad Ali,ICS,201,1026,202000182,Clara Gee
202202,MCS,ICS 201,56757,Saad Ali,ICS,201,1026,202000183,Josh Driver
202202,MCS,ICS 201,56757,Saad Ali,ICS,201,1026,202000184,Greta Coles
202202,MCS,ICS 201,56757,Saad Ali,ICS,201,1026,202000185,Allison Armstrong
202202,MCS,ICS 201,56757,Saad Ali,ICS,201,1026,202000186,Andreas Hadley
202202,MCS,ICS 201,56757,Saad Ali,ICS,201,1026,202000187,Andrzej Hewitt
202202,MCS,ICS 201,56757,Saad Ali,ICS,201,1026,202000188,Paulette Hayward
202202,MCS,ICS 201,56757,Saad Ali,ICS,201,1026,202000189,Nana Slade
202202,MCS,ICS 201,56757,Saad Ali,ICS,201,1026,202000190,Loretta Sykes
202202,MCS,ICS 201,56757,Saad Ali,ICS,201,1026,202000191,Winifred Beckett
202202,MCS,ICS 201,56757,Saad Ali,ICS,201,1026,202000192,Sidney Watt
202202,MCS,ICS 201,56757,Saad Ali,ICS,201,1026,202000193,Asha Collier
202202,MCS,ICS 201,56757,Saad Ali,ICS,201,1026,202000194,Florence Hobbs
202202,MCS,ICS 201,56757,Saad Ali,ICS,201,1026,202000195,Bernadette Sadler
202202,MCS,ICS 201,56757,Saad Ali,ICS,201,1026,202000196,Ibrahim Craven
202202,MCS,ICS 201,56757,Saad Ali,ICS,201,1026,202000197,Kate Lyon
202202,MCS,ICS 201,56757,Saad Ali,ICS,201,1026,202000198,Wilfred Banks
202202,MCS,ICS 201,56757,Saad Ali,ICS,201,1026,202000199,Kiran Henderson
202202,MCS,ICS 201,56757,Saad Ali,ICS,201,1026,202000200,Daryl Spooner
202202,MCS,ICS 201,56757,Saad Ali,ICS,201,1026,202000201,Glen Casey
202202,MCS,ICS 201,56757,Saad Ali,ICS,201,1026,202000202,Arnold Foster
202202,MCS,ICS 201,56757,Saad Ali,ICS,201,1026,202000203,Dennis Major
202202,MCS,ICS 201,56757,Saad Ali,ICS,201,1026,202000204,Selina Campbell
202202,MCS,ICS 201,56757,Saad Ali,ICS,201,1026,202000205,Glyn Lamb
202202,MCS,ICS 201,56757,Saad Ali,ICS,201,1026,202000206,Louisa Moon
202202,MCS,ICS 201,56757,Saad Ali,ICS,201,1026,202000207,Zena Chandler
202202,MCS,ICS 201,56757,Saad Ali,ICS,201,1026,202000208,Vikki Rai
202202,MCS,ICS 201,56757,Saad Ali,ICS,201,1026,202000209,Max Ireland
202202,MCS,ICS 201,56757,Saad Ali,ICS,201,1026,202000210,Giovanni Miah
202202,MCS,ICS 201,56757,Saad Ali,ICS,201,1026,202000211,Nathalie Green
202202,MCS,ICS 102,14239,Ahmed Anas ,ICS,102,1027,202000212,Ellie Douglas
202202,MCS,ICS 102,14239,Ahmed Anas ,ICS,102,1027,202000213,Francis Sadler
202202,MCS,ICS 102,14239,Ahmed Anas ,ICS,102,1027,202000214,Lawrence Drew
202202,MCS,ICS 102,14239,Ahmed Anas ,ICS,102,1027,202000215,Derrick Meredith
202202,MCS,ICS 102,14239,Ahmed Anas ,ICS,102,1027,202000216,Neal Wells
202202,MCS,ICS 102,14239,Ahmed Anas ,ICS,102,1027,202000217,Clara Gee
202202,MCS,ICS 102,14239,Ahmed Anas ,ICS,102,1027,202000218,Josh Driver
202202,MCS,ICS 102,14239,Ahmed Anas ,ICS,102,1027,202000219,Greta Coles
202202,MCS,ICS 102,14239,Ahmed Anas ,ICS,102,1027,202000220,Allison Armstrong
202202,MCS,ICS 102,14239,Ahmed Anas ,ICS,102,1027,202000221,Andreas Hadley
202202,MCS,ICS 102,14239,Ahmed Anas ,ICS,102,1027,202000222,Andrzej Hewitt
202202,MCS,ICS 102,14239,Ahmed Anas ,ICS,102,1027,202000223,Paulette Hayward
202202,MCS,ICS 102,14239,Ahmed Anas ,ICS,102,1027,202000224,Nana Slade
202202,MCS,ICS 102,14239,Ahmed Anas ,ICS,102,1027,202000225,Loretta Sykes
202202,MCS,ICS 102,14239,Ahmed Anas ,ICS,102,1027,202000226,Winifred Beckett
202202,MCS,ICS 102,14239,Ahmed Anas ,ICS,102,1027,202000227,Sidney Watt
202202,MCS,ICS 102,14239,Ahmed Anas ,ICS,102,1027,202000228,Asha Collier
202202,MCS,ICS 102,14239,Ahmed Anas ,ICS,102,1027,202000229,Derek Ray
202202,MCS,ICS 102,14239,Ahmed Anas ,ICS,102,1027,202000230,Karina Lister
202202,MCS,ICS 102,14239,Ahmed Anas ,ICS,102,1027,202000231,Mohamed Clark
202202,MCS,ICS 102,14239,Ahmed Anas ,ICS,102,1027,202000232,Aleksandra Parkinson
202202,MCS,ICS 102,14239,Ahmed Anas ,ICS,102,1027,202000233,Mohamed Clark
202202,MCS,ICS 102,14239,Ahmed Anas ,ICS,102,1027,202000234,Aleksandra Parkinson
202202,MCS,ICS 102,14239,Ahmed Anas ,ICS,102,1027,202000235,Philip Bassett
202202,MCS,ICS 102,14239,Ahmed Anas ,ICS,102,1027,202000236,Juan Marchant
202202,MCS,ICS 102,14239,Ahmed Anas ,ICS,102,1027,202000237,Craig Millard
202202,MCS,ICS 102,14239,Ahmed Anas ,ICS,102,1027,202000238,Louisa Moon
202202,MCS,ICS 102,14239,Ahmed Anas ,ICS,102,1027,202000239,Vivian Rogers
202202,MCS,ICS 102,14239,Ahmed Anas ,ICS,102,1027,202000240,Zena Chandler
202202,MCS,ICS 102,14239,Ahmed Anas ,ICS,102,1027,202000241,Vikki Rai
202202,MCS,ICS 102,14239,Ahmed Anas ,ICS,102,1028,202000242,Max Ireland
202202,MCS,ICS 102,14239,Ahmed Anas ,ICS,102,1028,202000243,Giovanni Miah
202202,MCS,ICS 102,14239,Ahmed Anas ,ICS,102,1028,202000244,Nathalie Green
202202,MCS,ICS 102,14239,Ahmed Anas ,ICS,102,1028,202000245,Ellie Douglas
202202,MCS,ICS 102,14239,Ahmed Anas ,ICS,102,1028,202000246,Neal Wells
202202,MCS,ICS 102,14239,Ahmed Anas ,ICS,102,1028,202000247,Clara Gee
202202,MCS,ICS 102,14239,Ahmed Anas ,ICS,102,1028,202000248,Josh Driver
202202,MCS,ICS 102,14239,Ahmed Anas ,ICS,102,1028,202000249,Greta Coles
202202,MCS,ICS 102,14239,Ahmed Anas ,ICS,102,1028,202000250,Allison Armstrong
202202,MCS,ICS 102,14239,Ahmed Anas ,ICS,102,1028,202000251,Andreas Hadley
202202,MCS,ICS 102,14239,Ahmed Anas ,ICS,102,1028,202000252,Andrzej Hewitt
202202,MCS,ICS 102,14239,Ahmed Anas ,ICS,102,1028,202000253,Paulette Hayward
202202,MCS,ICS 102,14239,Ahmed Anas ,ICS,102,1028,202000254,Nana Slade
202202,MCS,ICS 102,14239,Ahmed Anas ,ICS,102,1028,202000255,Loretta Sykes
202202,MCS,ICS 102,14239,Ahmed Anas ,ICS,102,1028,202000256,Winifred Beckett
202202,MCS,ICS 102,14239,Ahmed Anas ,ICS,102,1028,202000257,Sidney Watt
202202,MCS,ICS 102,14239,Ahmed Anas ,ICS,102,1028,202000258,Asha Collier
202202,MCS,ICS 102,14239,Ahmed Anas ,ICS,102,1028,202000259,Florence Hobbs
202202,MCS,ICS 102,14239,Ahmed Anas ,ICS,102,1028,202000260,Bernadette Sadler
202202,MCS,ICS 102,14239,Ahmed Anas ,ICS,102,1028,202000261,Philip Bassett
202202,MCS,ICS 102,14239,Ahmed Anas ,ICS,102,1028,202000262,Tanya Goldsmith
202202,MCS,ICS 102,14239,Ahmed Anas ,ICS,102,1028,202000263,Trevor Bird
202202,MCS,ICS 102,14239,Ahmed Anas ,ICS,102,1028,202000264,Cathryn Rose
202202,MCS,ICS 102,14239,Ahmed Anas ,ICS,102,1028,202000265,Dominique Hollis
202202,MCS,ICS 102,14239,Ahmed Anas ,ICS,102,1028,202000266,Sian Herbert
202202,MCS,ICS 102,14239,Ahmed Anas ,ICS,102,1028,202000267,May Spicer
202202,MCS,ICS 102,14239,Ahmed Anas ,ICS,102,1028,202000268,Roy Gill
202202,MCS,ICS 102,14239,Ahmed Anas ,ICS,102,1028,202000269,M Boyce
202202,MCS,ICS 102,14239,Ahmed Anas ,ICS,102,1028,202000270,Selina Campbell
202202,MCS,ICS 102,14239,Ahmed Anas ,ICS,102,1028,202000271,Glyn Lamb
202202,MCS,ICS 102,14239,Ahmed Anas ,ICS,102,1029,202000272,Louisa Moon
202202,MCS,ICS 102,14239,Ahmed Anas ,ICS,102,1029,202000273,Vivian Rogers
202202,MCS,ICS 102,14239,Ahmed Anas ,ICS,102,1029,202000274,Zena Chandler
202202,MCS,ICS 102,14239,Ahmed Anas ,ICS,102,1029,202000275,Vikki Rai
202202,MCS,ICS 102,14239,Ahmed Anas ,ICS,102,1029,202000276,Max Ireland
202202,MCS,ICS 102,14239,Ahmed Anas ,ICS,102,1029,202000277,Giovanni Miah
202202,MCS,ICS 102,14239,Ahmed Anas ,ICS,102,1029,202000278,Nathalie Green
202202,MCS,ICS 102,14239,Ahmed Anas ,ICS,102,1029,202000279,Ellie Douglas
202202,MCS,ICS 102,14239,Ahmed Anas ,ICS,102,1029,202000280,Francis Sadler
202202,MCS,ICS 102,14239,Ahmed Anas ,ICS,102,1029,202000281,Lawrence Drew
202202,MCS,ICS 102,14239,Ahmed Anas ,ICS,102,1029,202000282,Derrick Meredith
202202,MCS,ICS 102,14239,Ahmed Anas ,ICS,102,1029,202000283,Neal Wells
202202,MCS,ICS 102,14239,Ahmed Anas ,ICS,102,1029,202000284,Clara Gee
202202,MCS,ICS 102,14239,Ahmed Anas ,ICS,102,1029,202000285,Josh Driver
202202,MCS,ICS 102,14239,Ahmed Anas ,ICS,102,1029,202000286,Charles Vaughan
202202,MCS,ICS 102,14239,Ahmed Anas ,ICS,102,1029,202000287,Wai Groves
202202,MCS,ICS 102,14239,Ahmed Anas ,ICS,102,1029,202000288,Peter Hulme
202202,MCS,ICS 102,14239,Ahmed Anas ,ICS,102,1029,202000289,Michal Morrison
202202,MCS,ICS 102,14239,Ahmed Anas ,ICS,102,1029,202000290,Enid Bates
202202,MCS,ICS 102,14239,Ahmed Anas ,ICS,102,1029,202000291,Sonia Rai
202202,MCS,ICS 102,14239,Ahmed Anas ,ICS,102,1029,202000292,Angie Anderson
202202,MCS,ICS 102,14239,Ahmed Anas ,ICS,102,1029,202000293,Geoffrey Godfrey
202202,MCS,ICS 102,14239,Ahmed Anas ,ICS,102,1029,202000294,Sadia Gibbons
202202,MCS,ICS 102,14239,Ahmed Anas ,ICS,102,1029,202000295,Liza Kaur
202202,MCS,ICS 102,14239,Ahmed Anas ,ICS,102,1029,202000296,Sabina Molloy
202202,MCS,ICS 102,14239,Ahmed Anas ,ICS,102,1029,202000297,Anthony Coombs
202202,MCS,ICS 102,14239,Ahmed Anas ,ICS,102,1029,202000298,Narinder Howard
202202,MCS,ICS 102,14239,Ahmed Anas ,ICS,102,1029,202000299,Ian Marchant
202202,MCS,ICS 102,14239,Ahmed Anas ,ICS,102,1029,202000300,Kenny Wood
202202,MCS,ICS 102,14239,Ahmed Anas ,ICS,102,1029,202000301,Alistair Wilkins
202202,MCS,ICS 102,14239,Ahmed Anas ,ICS,102,1030,202000302,Rafal Buxton
202202,MCS,ICS 102,14239,Ahmed Anas ,ICS,102,1030,202000303,Collette Hinton
202202,MCS,ICS 102,14239,Ahmed Anas ,ICS,102,1030,202000304,Marianne Haywood
202202,MCS,ICS 102,14239,Ahmed Anas ,ICS,102,1030,202000305,Mildred Masters
202202,MCS,ICS 102,14239,Ahmed Anas ,ICS,102,1030,202000306,Kieron Chadwick
202202,MCS,ICS 102,14239,Ahmed Anas ,ICS,102,1030,202000307,Robbie Sullivan
202202,MCS,ICS 102,14239,Ahmed Anas ,ICS,102,1030,202000308,Maria Doyle
202202,MCS,ICS 102,14239,Ahmed Anas ,ICS,102,1030,202000309,Terri Radford
202202,MCS,ICS 102,14239,Ahmed Anas ,ICS,102,1030,202000310,Dale Hardy
202202,MCS,ICS 102,14239,Ahmed Anas ,ICS,102,1030,202000311,Lizzie Clayton
202202,MCS,ICS 102,14239,Ahmed Anas ,ICS,102,1030,202000312,Pearl Talbot
202202,MCS,ICS 102,14239,Ahmed Anas ,ICS,102,1030,202000313,Tracie Farrow
202202,MCS,ICS 102,14239,Ahmed Anas ,ICS,102,1030,202000314,Daryl Spooner
202202,MCS,ICS 102,14239,Ahmed Anas ,ICS,102,1030,202000315,Glen Casey
202202,MCS,ICS 102,14239,Ahmed Anas ,ICS,102,1030,202000316,Arnold Foster
202202,MCS,ICS 102,14239,Ahmed Anas ,ICS,102,1030,202000317,Dennis Major
202202,MCS,ICS 102,14239,Ahmed Anas ,ICS,102,1030,202000318,Derek Ray
202202,MCS,ICS 102,14239,Ahmed Anas ,ICS,102,1030,202000328,Imogen Middleton
202202,MCS,ICS 102,14239,Ahmed Anas ,ICS,102,1030,202000329,Tanya Goldsmith
202202,MCS,ICS 102,14239,Ahmed Anas ,ICS,102,1030,202000330,Trevor Bird
202202,MCS,ICS 102,14239,Ahmed Anas ,ICS,102,1030,202000331,Cathryn Rose
202202,MCS,ICS 202,98527,Ali Fahad,ICS,202,1031,202000332,Dominique Hollis
202202,MCS,ICS 202,98527,Ali Fahad,ICS,202,1031,202000346,Agnieszka Perry
202202,MCS,ICS 202,98527,Ali Fahad,ICS,202,1031,202000347,Saima Dyson
202202,MCS,ICS 202,98527,Ali Fahad,ICS,202,1031,202000348,Melvin Gill
202202,MCS,ICS 202,98527,Ali Fahad,ICS,202,1031,202000349,Lucinda Norton
202202,MCS,ICS 202,98527,Ali Fahad,ICS,202,1031,202000350,Shahid Crow
202202,MCS,ICS 202,98527,Ali Fahad,ICS,202,1031,202000351,Allan Hodges
202202,MCS,ICS 202,98527,Ali Fahad,ICS,202,1031,202000352,Hanna Barlow
202202,MCS,ICS 202,98527,Ali Fahad,ICS,202,1031,202000353,Patrick Hooper
202202,MCS,ICS 202,98527,Ali Fahad,ICS,202,1031,202000354,Rafal Buxton
202202,MCS,ICS 202,98527,Ali Fahad,ICS,202,1031,202000355,Collette Hinton
202202,MCS,ICS 202,98527,Ali Fahad,ICS,202,1031,202000356,Marianne Haywood
202202,MCS,ICS 202,98527,Ali Fahad,ICS,202,1031,202000357,Mildred Masters
202202,MCS,ICS 202,98527,Ali Fahad,ICS,202,1031,202000358,Kieron Chadwick
202202,MCS,ICS 202,98527,Ali Fahad,ICS,202,1031,202000359,Robbie Sullivan
202202,MCS,ICS 202,98527,Ali Fahad,ICS,202,1031,202000360,Maria Doyle
202202,MCS,ICS 202,98527,Ali Fahad,ICS,202,1031,202000361,Terri Radford
202202,MCS,ICS 202,98527,Ali Fahad,ICS,202,1032,202000362,Dale Hardy
202202,MCS,ICS 202,98527,Ali Fahad,ICS,202,1032,202000363,Lizzie Clayton
202202,MCS,ICS 202,98527,Ali Fahad,ICS,202,1032,202000364,Pearl Talbot
202202,MCS,ICS 202,98527,Ali Fahad,ICS,202,1032,202000365,Tracie Farrow
202202,MCS,ICS 202,98527,Ali Fahad,ICS,202,1032,202000366,Daryl Spooner
202202,MCS,ICS 202,98527,Ali Fahad,ICS,202,1032,202000367,Glen Casey
202202,MCS,ICS 202,98527,Ali Fahad,ICS,202,1032,202000368,Andreas Hadley
202202,MCS,ICS 202,98527,Ali Fahad,ICS,202,1032,202000369,Andrzej Hewitt
202202,MCS,ICS 202,98527,Ali Fahad,ICS,202,1032,202000370,Paulette Hayward
202202,MCS,ICS 202,98527,Ali Fahad,ICS,202,1032,202000371,Nana Slade
202202,MCS,ICS 202,98527,Ali Fahad,ICS,202,1032,202000372,Max Ireland
202202,MCS,ICS 202,98527,Ali Fahad,ICS,202,1032,202000373,Giovanni Miah
202202,MCS,ICS 202,98527,Ali Fahad,ICS,202,1032,202000374,Nathalie Green
202202,MCS,ICS 202,98527,Ali Fahad,ICS,202,1032,202000375,Ellie Douglas
202202,MCS,ICS 202,98527,Ali Fahad,ICS,202,1032,202000376,Francis Sadler
202202,MCS,ICS 202,98527,Ali Fahad,ICS,202,1032,202000377,Lawrence Drew
202202,MCS,ICS 202,98527,Ali Fahad,ICS,202,1032,202000378,Derrick Meredith
202202,MCS,ICS 202,98527,Ali Fahad,ICS,202,1032,202000379,Bernadette Sadler
202202,MCS,ICS 202,98527,Ali Fahad,ICS,202,1032,202000380,Ibrahim Craven
202202,MCS,ICS 202,98527,Ali Fahad,ICS,202,1032,202000381,Kate Lyon
202202,MCS,ICS 202,98527,Ali Fahad,ICS,202,1032,202000382,Wilfred Banks
202202,MCS,ICS 202,98527,Ali Fahad,ICS,202,1032,202000383,Kiran Henderson
202202,MCS,ICS 202,98527,Ali Fahad,ICS,202,1032,202000384,Daryl Spooner
202202,MCS,ICS 202,98527,Ali Fahad,ICS,202,1032,202000385,Derrick Meredith
202202,MCS,ICS 202,98527,Ali Fahad,ICS,202,1032,202000386,Neal Wells
202202,MCS,ICS 202,98527,Ali Fahad,ICS,202,1033,202000387,Clara Gee
202202,MCS,ICS 202,98527,Ali Fahad,ICS,202,1033,202000388,Josh Driver
202202,MCS,ICS 202,98527,Ali Fahad,ICS,202,1033,202000389,Greta Coles
202202,MCS,ICS 202,98527,Ali Fahad,ICS,202,1033,202000390,Allison Armstrong
202202,MCS,ICS 202,98527,Ali Fahad,ICS,202,1033,202000391,Andreas Hadley
202202,MCS,ICS 202,98527,Ali Fahad,ICS,202,1033,202000392,Andrzej Hewitt
202202,MCS,ICS 202,98527,Ali Fahad,ICS,202,1033,202000393,Paulette Hayward
202202,MCS,ICS 202,98527,Ali Fahad,ICS,202,1033,202000394,Nana Slade
202202,MCS,ICS 202,98527,Ali Fahad,ICS,202,1033,202000395,Loretta Sykes
202202,MCS,ICS 202,98527,Ali Fahad,ICS,202,1033,202000396,Winifred Beckett
202202,MCS,ICS 202,98527,Ali Fahad,ICS,202,1033,202000397,Sidney Watt
202202,MCS,ICS 202,98527,Ali Fahad,ICS,202,1033,202000398,Asha Collier
202202,MCS,ICS 202,98527,Ali Fahad,ICS,202,1033,202000399,Florence Hobbs
202202,MCS,ICS 202,98527,Ali Fahad,ICS,202,1033,202000400,Bernadette Sadler
202202,MCS,ICS 202,98527,Ali Fahad,ICS,202,1033,202000401,Ibrahim Craven
202202,MCS,ICS 202,98527,Ali Fahad,ICS,202,1033,202000402,Kate Lyon
202202,MCS,ICS 202,98527,Ali Fahad,ICS,202,1033,202000403,Wilfred Banks
202202,MCS,ICS 202,98527,Ali Fahad,ICS,202,1033,202000404,Kiran Henderson
202202,MCS,ICS 202,98527,Ali Fahad,ICS,202,1033,202000405,Daryl Spooner
202202,MCS,ICS 202,98527,Ali Fahad,ICS,202,1033,202000406,Glen Casey
202202,MCS,ICS 202,98527,Ali Fahad,ICS,202,1033,202000407,Arnold Foster
202202,MCS,ICS 202,98527,Ali Fahad,ICS,202,1033,202000408,Dennis Major
202202,MCS,ICS 202,98527,Ali Fahad,ICS,202,1033,202000409,Derek Ray
202202,MCS,ICS 202,98527,Ali Fahad,ICS,202,1033,202000410,Tanya Goldsmith
202202,MCS,ICS 202,98527,Ali Fahad,ICS,202,1033,202000411,Trevor Bird
202202,MCS,COE 405,19742,Saleh Hisham,COE,405,1034,202000412,Cathryn Rose
202202,MCS,COE 405,19742,Saleh Hisham,COE,405,1034,202000413,Dominique Hollis
202202,MCS,COE 405,19742,Saleh Hisham,COE,405,1034,202000414,Sian Herbert
202202,MCS,COE 405,19742,Saleh Hisham,COE,405,1034,202000415,May Spicer
202202,MCS,COE 405,19742,Saleh Hisham,COE,405,1034,202000416,Nathalie Green
202202,MCS,COE 405,19742,Saleh Hisham,COE,405,1034,202000417,Ellie Douglas
202202,MCS,COE 405,19742,Saleh Hisham,COE,405,1034,202000418,Francis Sadler
202202,MCS,COE 405,19742,Saleh Hisham,COE,405,1034,202000419,Lawrence Drew
202202,MCS,COE 405,19742,Saleh Hisham,COE,405,1034,202000420,Derrick Meredith
202202,MCS,COE 405,19742,Saleh Hisham,COE,405,1034,202000421,Neal Wells
202202,MCS,COE 405,19742,Saleh Hisham,COE,405,1034,202000422,Clara Gee
202202,MCS,COE 405,19742,Saleh Hisham,COE,405,1034,202000423,Josh Driver
202202,MCS,COE 405,19742,Saleh Hisham,COE,405,1034,202000424,Greta Coles
202202,MCS,COE 405,19742,Saleh Hisham,COE,405,1034,202000425,Michal Morrison
202202,MCS,COE 405,19742,Saleh Hisham,COE,405,1034,202000426,Enid Bates
202202,MCS,COE 405,19742,Saleh Hisham,COE,405,1034,202000427,Sonia Rai
202202,MCS,COE 405,19742,Saleh Hisham,COE,405,1034,202000428,Angie Anderson
202202,MCS,COE 405,19742,Saleh Hisham,COE,405,1034,202000429,Geoffrey Godfrey
202202,MCS,COE 405,19742,Saleh Hisham,COE,405,1034,202000430,Sadia Gibbons
202202,MCS,COE 405,19742,Saleh Hisham,COE,405,1034,202000431,Liza Kaur
202202,MCS,COE 405,19742,Saleh Hisham,COE,405,1035,202000432,Sabina Molloy
202202,MCS,COE 405,19742,Saleh Hisham,COE,405,1035,202000433,Anthony Coombs
202202,MCS,COE 405,19742,Saleh Hisham,COE,405,1035,202000434,Narinder Howard
202202,MCS,COE 405,19742,Saleh Hisham,COE,405,1035,202000435,Ian Marchant
202202,MCS,COE 405,19742,Saleh Hisham,COE,405,1035,202000436,Kenny Wood
202202,MCS,COE 405,19742,Saleh Hisham,COE,405,1035,202000437,Alistair Wilkins
202202,MCS,COE 405,19742,Saleh Hisham,COE,405,1035,202000438,May Newton
202202,MCS,COE 405,19742,Saleh Hisham,COE,405,1035,202000439,Brian Thorpe
202202,MCS,COE 405,19742,Saleh Hisham,COE,405,1035,202000440,Melanie Wainwright
202202,MCS,COE 405,19742,Saleh Hisham,COE,405,1035,202000441,Harry Sandhu
202202,MCS,COE 405,19742,Saleh Hisham,COE,405,1035,202000442,Gwendoline Peck
202202,MCS,COE 405,19742,Saleh Hisham,COE,405,1035,202000443,Christina Hunter
202202,MCS,COE 405,19742,Saleh Hisham,COE,405,1035,202000444,Kath Coleman
202202,MCS,COE 405,19742,Saleh Hisham,COE,405,1035,202000445,Brett Parkes
202202,MCS,COE 405,19742,Saleh Hisham,COE,405,1035,202000446,Agnieszka Perry
202202,MCS,COE 405,19742,Saleh Hisham,COE,405,1035,202000447,Collette Hinton
202202,MCS,COE 405,19742,Saleh Hisham,COE,405,1035,202000448,Marianne Haywood
202202,MCS,COE 405,19742,Saleh Hisham,COE,405,1035,202000449,Mildred Masters
202202,MCS,COE 405,19742,Saleh Hisham,COE,405,1035,202000450,Kieron Chadwick
202202,MCS,COE 405,19742,Saleh Hisham,COE,405,1035,202000451,Robbie Sullivan
202202,MCS,COE 420,48796,Mouath Baker,COE,420,1036,202000452,Maria Doyle
202202,MCS,COE 420,48796,Mouath Baker,COE,420,1036,202000453,Terri Radford
202202,MCS,COE 420,48796,Mouath Baker,COE,420,1036,202000454,Dale Hardy
202202,MCS,COE 420,48796,Mouath Baker,COE,420,1036,202000455,Lizzie Clayton
202202,MCS,COE 420,48796,Mouath Baker,COE,420,1036,202000456,Pearl Talbot
202202,MCS,COE 420,48796,Mouath Baker,COE,420,1036,202000457,Tracie Farrow
202202,MCS,COE 420,48796,Mouath Baker,COE,420,1036,202000458,Daryl Spooner
202202,MCS,COE 420,48796,Mouath Baker,COE,420,1036,202000459,Glen Casey
202202,MCS,COE 420,48796,Mouath Baker,COE,420,1036,202000460,Arnold Foster
202202,MCS,COE 420,48796,Mouath Baker,COE,420,1036,202000461,Dennis Major
202202,MCS,COE 420,48796,Mouath Baker,COE,420,1036,202000462,Derek Ray
202202,MCS,COE 420,48796,Mouath Baker,COE,420,1036,202000463,Karina Lister
202202,MCS,COE 420,48796,Mouath Baker,COE,420,1036,202000464,Mohamed Clark
202202,MCS,COE 420,48796,Mouath Baker,COE,420,1036,202000465,Aleksandra Parkinson
202202,MCS,COE 420,48796,Mouath Baker,COE,420,1036,202000466,Philip Bassett
202202,MCS,COE 420,48796,Mouath Baker,COE,420,1036,202000467,Juan Marchant
202202,MCS,COE 420,48796,Mouath Baker,COE,420,1036,202000468,Craig Millard
202202,MCS,COE 420,48796,Mouath Baker,COE,420,1036,202000469,Rita Needham
202202,MCS,COE 420,48796,Mouath Baker,COE,420,1036,202000470,Mohamed Clark
202202,MCS,COE 420,48796,Mouath Baker,COE,420,1036,202000471,Aleksandra Parkinson
202202,MCS,COE 420,48796,Mouath Baker,COE,420,1036,202000472,Philip Bassett
202202,MCS,COE 420,48796,Mouath Baker,COE,420,1036,202000473,Juan Marchant
202202,MCS,COE 420,48796,Mouath Baker,COE,420,1036,202000474,Craig Millard
202202,MCS,SWE 415,32987,Yousef Ali,SWE,415,1037,202000475,Rita Needham
202202,MCS,SWE 415,32987,Yousef Ali,SWE,415,1037,202000476,Mohamed Clark
202202,MCS,SWE 415,32987,Yousef Ali,SWE,415,1037,202000477,Aleksandra Parkinson
202202,MCS,SWE 415,32987,Yousef Ali,SWE,415,1037,202000478,Charles Vaughan
202202,MCS,SWE 415,32987,Yousef Ali,SWE,415,1037,202000479,Wai Groves
202202,MCS,SWE 415,32987,Yousef Ali,SWE,415,1037,202000480,Peter Hulme
202202,MCS,SWE 415,32987,Yousef Ali,SWE,415,1037,202000481,Michal Morrison
202202,MCS,SWE 415,32987,Yousef Ali,SWE,415,1037,202000482,Enid Bates
202202,MCS,SWE 415,32987,Yousef Ali,SWE,415,1037,202000483,Sonia Rai
202202,MCS,SWE 415,32987,Yousef Ali,SWE,415,1037,202000484,Angie Anderson
202202,MCS,SWE 415,32987,Yousef Ali,SWE,415,1037,202000485,Geoffrey Godfrey
202202,MCS,SWE 415,32987,Yousef Ali,SWE,415,1037,202000486,Sadia Gibbons
202202,MCS,SWE 415,32987,Yousef Ali,SWE,415,1037,202000487,Liza Kaur
202202,MCS,SWE 415,32987,Yousef Ali,SWE,415,1037,202000488,Sabina Molloy
202202,MCS,SWE 415,32987,Yousef Ali,SWE,415,1037,202000489,Anthony Coombs
202202,MCS,SWE 415,32987,Yousef Ali,SWE,415,1037,202000490,Narinder Howard
202202,MCS,SWE 415,32987,Yousef Ali,SWE,415,1037,202000491,Ian Marchant
202202,MCS,SWE 415,32987,Yousef Ali,SWE,415,1037,202000492,Kenny Wood
202202,MCS,SWE 415,32987,Yousef Ali,SWE,415,1037,202000493,Alistair Wilkins
202202,MCS,SWE 415,32987,Yousef Ali,SWE,415,1037,202000494,May Newton
202202,MCS,SWE 415,32987,Yousef Ali,SWE,415,1038,202000495,Brian Thorpe
202202,MCS,SWE 415,32987,Yousef Ali,SWE,415,1038,202000496,Melanie Wainwright
202202,MCS,SWE 415,32987,Yousef Ali,SWE,415,1038,202000497,Harry Sandhu
202202,MCS,SWE 415,32987,Yousef Ali,SWE,415,1038,202000498,Gwendoline Peck
202202,MCS,SWE 415,32987,Yousef Ali,SWE,415,1038,202000499,Christina Hunter
202202,MCS,SWE 415,32987,Yousef Ali,SWE,415,1038,202000500,Kath Coleman
202202,MCS,SWE 415,32987,Yousef Ali,SWE,415,1038,202000501,Brett Parkes
202202,MCS,SWE 415,32987,Yousef Ali,SWE,415,1038,202000502,Agnieszka Perry
202202,MCS,SWE 415,32987,Yousef Ali,SWE,415,1038,202000503,Saima Dyson
202202,MCS,SWE 415,32987,Yousef Ali,SWE,415,1038,202000504,Melvin Gill
202202,MCS,SWE 415,32987,Yousef Ali,SWE,415,1038,202000505,Lucinda Norton
202202,MCS,SWE 415,32987,Yousef Ali,SWE,415,1038,202000506,Shahid Crow
202202,MCS,SWE 415,32987,Yousef Ali,SWE,415,1038,202000507,Allan Hodges
202202,MCS,SWE 415,32987,Yousef Ali,SWE,415,1038,202000508,Hanna Barlow
202202,MCS,SWE 415,32987,Yousef Ali,SWE,415,1038,202000509,Patrick Hooper
202202,MCS,SWE 415,32987,Yousef Ali,SWE,415,1038,202000510,Rafal Buxton
202202,MCS,SWE 415,32987,Yousef Ali,SWE,415,1038,202000511,Collette Hinton
202202,MCS,SWE 415,32987,Yousef Ali,SWE,415,1038,202000512,Marianne Haywood
202202,MCS,SWE 415,32987,Yousef Ali,SWE,415,1038,202000513,Mildred Masters
202202,MCS,SWE 415,32987,Yousef Ali,SWE,415,1038,202000514,Kieron Chadwick
202202,MCS,ICS 431,38947,Abdulwahab,ICS,431,1039,202000515,Robbie Sullivan
202202,MCS,ICS 431,38947,Abdulwahab,ICS,431,1039,202000516,Maria Doyle
202202,MCS,ICS 431,38947,Abdulwahab,ICS,431,1039,202000517,Terri Radford
202202,MCS,ICS 431,38947,Abdulwahab,ICS,431,1039,202000518,Dale Hardy
202202,MCS,ICS 431,38947,Abdulwahab,ICS,431,1039,202000519,Lizzie Clayton
202202,MCS,ICS 431,38947,Abdulwahab,ICS,431,1039,202000520,Pearl Talbot
202202,MCS,ICS 431,38947,Abdulwahab,ICS,431,1039,202000521,Tracie Farrow
202202,MCS,ICS 431,38947,Abdulwahab,ICS,431,1039,202000522,Daryl Spooner
202202,MCS,ICS 431,38947,Abdulwahab,ICS,431,1039,202000523,Glen Casey
202202,MCS,ICS 431,38947,Abdulwahab,ICS,431,1039,202000524,Arnold Foster
202202,MCS,ICS 431,38947,Abdulwahab,ICS,431,1039,202000525,Dennis Major
202202,MCS,ICS 431,38947,Abdulwahab,ICS,431,1039,202000526,Derek Ray
202202,MCS,ICS 431,38947,Abdulwahab,ICS,431,1039,202000527,Karina Lister
202202,MCS,ICS 431,38947,Abdulwahab,ICS,431,1039,202000528,Mohamed Clark
202202,MCS,ICS 431,38947,Abdulwahab,ICS,431,1039,202000529,Aleksandra Parkinson
202202,MCS,COE 200,83738,Hisham Mouath,COE,200,1040,202000530,Philip Bassett
202202,MCS,COE 200,83738,Hisham Mouath,COE,200,1040,202000531,Juan Marchant
202202,MCS,COE 200,83738,Hisham Mouath,COE,200,1040,202000532,Craig Millard
202202,MCS,COE 200,83738,Hisham Mouath,COE,200,1040,202000533,Rita Needham
202202,MCS,COE 200,83738,Hisham Mouath,COE,200,1040,202000534,Irene White
202202,MCS,COE 200,83738,Hisham Mouath,COE,200,1040,202000535,Colin Gates
202202,MCS,COE 200,83738,Hisham Mouath,COE,200,1040,202000536,Imogen Middleton
202202,MCS,COE 200,83738,Hisham Mouath,COE,200,1040,202000537,Tanya Goldsmith
202202,MCS,COE 200,83738,Hisham Mouath,COE,200,1040,202000538,Trevor Bird
202202,MCS,COE 200,83738,Hisham Mouath,COE,200,1040,202000539,Cathryn Rose
202202,MCS,COE 200,83738,Hisham Mouath,COE,200,1040,202000540,Dominique Hollis
202202,MCS,COE 200,83738,Hisham Mouath,COE,200,1040,202000541,Sian Herbert
202202,MCS,COE 200,83738,Hisham Mouath,COE,200,1040,202000542,May Spicer
202202,MCS,COE 200,83738,Hisham Mouath,COE,200,1040,202000543,Roy Gill
202202,MCS,COE 200,83738,Hisham Mouath,COE,200,1040,202000544,DARYL SPOONER
202202,MCS,COE 200,83738,Hisham Mouath,COE,200,1040,202000545,GLEN CASEY
202202,MCS,COE 200,83738,Hisham Mouath,COE,200,1040,202000546,ARNOLD FOSTER
202202,MCS,COE 200,83738,Hisham Mouath,COE,200,1040,202000547,DENNIS MAJOR
202202,MCS,COE 200,83738,Hisham Mouath,COE,200,1040,202000548,DEREK RAY
202202,MCS,COE 200,83738,Hisham Mouath,COE,200,1040,202000549,KARINA LISTER
202202,MCS,COE 200,83738,Hisham Mouath,COE,200,1040,202000550,MOHAMED CLARK
202202,MCS,COE 200,83738,Hisham Mouath,COE,200,1040,202000551,ALEKSANDRA PARKINSON
202202,MCS,COE 200,83738,Hisham Mouath,COE,200,1040,202000552,PHILIP BASSETT
202202,MCS,COE 200,83738,Hisham Mouath,COE,200,1040,202000553,JUAN MARCHANT
202202,MCS,COE 200,83738,Hisham Mouath,COE,200,1040,202000554,CRAIG MILLARD
202202,MCS,COE 200,83738,Hisham Mouath,COE,200,1040,202000555,RITA NEEDHAM
202202,MCS,COE 200,83738,Hisham Mouath,COE,200,1040,202000556,IRENE WHITE
202202,MCS,COE 200,83738,Hisham Mouath,COE,200,1040,202000557,COLIN GATES
202202,MCS,COE 200,83738,Hisham Mouath,COE,200,1040,202000558,IMOGEN MIDDLETON
202202,MCS,COE 200,83738,Hisham Mouath,COE,200,1040,202000559,TANYA GOLDSMITH
202202,MCS,COE 200,83738,Hisham Mouath,COE,200,1041,202000560,TREVOR BIRD
202202,MCS,COE 200,83738,Hisham Mouath,COE,200,1041,202000561,CATHRYN ROSE
202202,MCS,COE 200,83738,Hisham Mouath,COE,200,1041,202000562,DOMINIQUE HOLLIS
202202,MCS,COE 200,83738,Hisham Mouath,COE,200,1041,202000563,SIAN HERBERT
202202,MCS,COE 200,83738,Hisham Mouath,COE,200,1041,202000564,MAY SPICER
202202,MCS,COE 200,83738,Hisham Mouath,COE,200,1041,202000565,ROY GILL
202202,MCS,COE 200,83738,Hisham Mouath,COE,200,1041,202000566,M BOYCE
202202,MCS,COE 200,83738,Hisham Mouath,COE,200,1041,202000567,SELINA CAMPBELL
202202,MCS,COE 200,83738,Hisham Mouath,COE,200,1041,202000568,GLYN LAMB
202202,MCS,COE 200,83738,Hisham Mouath,COE,200,1041,202000569,LOUISA MOON
202202,MCS,COE 200,83738,Hisham Mouath,COE,200,1041,202000570,VIVIAN ROGERS
202202,MCS,COE 200,83738,Hisham Mouath,COE,200,1041,202000571,ZENA CHANDLER
202202,MCS,COE 200,83738,Hisham Mouath,COE,200,1041,202000572,VIKKI RAI
202202,MCS,COE 200,83738,Hisham Mouath,COE,200,1041,202000573,MAX IRELAND
202202,MCS,COE 200,83738,Hisham Mouath,COE,200,1041,202000574,GIOVANNI MIAH
202202,MCS,COE 200,83738,Hisham Mouath,COE,200,1041,202000575,NATHALIE GREEN
202202,MCS,COE 200,83738,Hisham Mouath,COE,200,1041,202000576,ELLIE DOUGLAS
202202,MCS,COE 200,83738,Hisham Mouath,COE,200,1041,202000577,FRANCIS SADLER
202202,MCS,COE 200,83738,Hisham Mouath,COE,200,1041,202000578,LAWRENCE DREW
202202,MCS,COE 200,83738,Hisham Mouath,COE,200,1041,202000579,DERRICK MEREDITH
202202,MCS,COE 200,83738,Hisham Mouath,COE,200,1041,202000580,NEAL WELLS
202202,MCS,COE 200,83738,Hisham Mouath,COE,200,1041,202000581,CLARA GEE
202202,MCS,COE 200,83738,Hisham Mouath,COE,200,1041,202000582,JOSH DRIVER
202202,MCS,COE 200,83738,Hisham Mouath,COE,200,1041,202000583,GRETA COLES
202202,MCS,COE 200,83738,Hisham Mouath,COE,200,1041,202000584,ALLISON ARMSTRONG
202202,MCS,COE 200,83738,Hisham Mouath,COE,200,1041,202000585,ANDREAS HADLEY
202202,MCS,COE 200,83738,Hisham Mouath,COE,200,1041,202000586,ANDRZEJ HEWITT
202202,MCS,COE 200,83738,Hisham Mouath,COE,200,1041,202000587,PAULETTE HAYWARD
202202,MCS,COE 200,83738,Hisham Mouath,COE,200,1041,202000588,NANA SLADE
202202,MCS,COE 200,83738,Hisham Mouath,COE,200,1041,202000589,LORETTA SYKES
202202,MCS,COE 200,83738,Hisham Mouath,COE,200,1042,202000590,WINIFRED BECKETT
202202,MCS,COE 200,83738,Hisham Mouath,COE,200,1042,202000591,SIDNEY WATT
202202,MCS,COE 200,83738,Hisham Mouath,COE,200,1042,202000592,ASHA COLLIER
202202,MCS,COE 200,83738,Hisham Mouath,COE,200,1042,202000593,FLORENCE HOBBS
202202,MCS,COE 200,83738,Hisham Mouath,COE,200,1042,202000594,BERNADETTE SADLER
202202,MCS,COE 200,83738,Hisham Mouath,COE,200,1042,202000595,IBRAHIM CRAVEN
202202,MCS,COE 200,83738,Hisham Mouath,COE,200,1042,202000596,KATE LYON
202202,MCS,COE 200,83738,Hisham Mouath,COE,200,1042,202000597,WILFRED BANKS
202202,MCS,COE 200,83738,Hisham Mouath,COE,200,1042,202000598,KIRAN HENDERSON
202202,MCS,COE 200,83738,Hisham Mouath,COE,200,1042,202000599,DARYL SPOONER
202202,MCS,COE 200,83738,Hisham Mouath,COE,200,1042,202000600,GLEN CASEY
202202,MCS,COE 200,83738,Hisham Mouath,COE,200,1042,202000601,ARNOLD FOSTER
202202,MCS,COE 200,83738,Hisham Mouath,COE,200,1042,202000602,DENNIS MAJOR
202202,MCS,COE 200,83738,Hisham Mouath,COE,200,1042,202000603,DEREK RAY
202202,MCS,COE 200,83738,Hisham Mouath,COE,200,1042,202000604,KARINA LISTER
202202,MCS,COE 200,83738,Hisham Mouath,COE,200,1042,202000605,MOHAMED CLARK
202202,MCS,COE 200,83738,Hisham Mouath,COE,200,1042,202000606,ALEKSANDRA PARKINSON
202202,MCS,COE 200,83738,Hisham Mouath,COE,200,1042,202000607,PHILIP BASSETT
202202,MCS,COE 200,83738,Hisham Mouath,COE,200,1042,202000608,JUAN MARCHANT
202202,MCS,COE 200,83738,Hisham Mouath,COE,200,1042,202000609,CRAIG MILLARD
202202,MCS,COE 200,83738,Hisham Mouath,COE,200,1042,202000610,RITA NEEDHAM
202202,MCS,COE 200,83738,Hisham Mouath,COE,200,1042,202000611,IRENE WHITE
202202,MCS,COE 200,83738,Hisham Mouath,COE,200,1042,202000612,COLIN GATES
202202,MCS,COE 200,83738,Hisham Mouath,COE,200,1042,202000613,IMOGEN MIDDLETON
202202,MCS,COE 200,83738,Hisham Mouath,COE,200,1042,202000614,TANYA GOLDSMITH
202202,MCS,COE 200,83738,Hisham Mouath,COE,200,1042,202000615,TREVOR BIRD
202202,MCS,COE 200,83738,Hisham Mouath,COE,200,1042,202000616,CATHRYN ROSE
202202,MCS,COE 200,83738,Hisham Mouath,COE,200,1042,202000617,DOMINIQUE HOLLIS
202202,MCS,COE 200,83738,Hisham Mouath,COE,200,1042,202000618,SIAN HERBERT
202202,MCS,COE 200,83738,Hisham Mouath,COE,200,1042,202000619,MAY SPICER
202202,MCS,COE 200,83738,Hisham Mouath,COE,200,1043,202000620,ROY GILL
202202,MCS,COE 200,83738,Hisham Mouath,COE,200,1043,202000621,M BOYCE
202202,MCS,COE 200,83738,Hisham Mouath,COE,200,1043,202000622,SELINA CAMPBELL
202202,MCS,COE 200,83738,Hisham Mouath,COE,200,1043,202000623,GLYN LAMB
202202,MCS,COE 200,83738,Hisham Mouath,COE,200,1043,202000624,LOUISA MOON
202202,MCS,COE 200,83738,Hisham Mouath,COE,200,1043,202000625,VIVIAN ROGERS
202202,MCS,COE 200,83738,Hisham Mouath,COE,200,1043,202000626,ZENA CHANDLER
202202,MCS,COE 200,83738,Hisham Mouath,COE,200,1043,202000627,VIKKI RAI
202202,MCS,COE 200,83738,Hisham Mouath,COE,200,1043,202000628,MAX IRELAND
202202,MCS,COE 200,83738,Hisham Mouath,COE,200,1043,202000629,GIOVANNI MIAH
202202,MCS,COE 200,83738,Hisham Mouath,COE,200,1043,202000630,NATHALIE GREEN
202202,MCS,COE 200,83738,Hisham Mouath,COE,200,1043,202000631,ELLIE DOUGLAS
202202,MCS,COE 200,83738,Hisham Mouath,COE,200,1043,202000632,FRANCIS SADLER
202202,MCS,COE 200,83738,Hisham Mouath,COE,200,1043,202000633,LAWRENCE DREW
202202,MCS,COE 200,83738,Hisham Mouath,COE,200,1043,202000634,DERRICK MEREDITH
202202,MCS,COE 200,83738,Hisham Mouath,COE,200,1043,202000635,NEAL WELLS
202202,MCS,COE 200,83738,Hisham Mouath,COE,200,1043,202000636,CLARA GEE
202202,MCS,COE 200,83738,Hisham Mouath,COE,200,1043,202000637,JOSH DRIVER
202202,MCS,COE 200,83738,Hisham Mouath,COE,200,1043,202000638,GRETA COLES
202202,MCS,COE 200,83738,Hisham Mouath,COE,200,1043,202000639,ALLISON ARMSTRONG
202202,MCS,COE 200,83738,Hisham Mouath,COE,200,1043,202000640,ANDREAS HADLEY
202202,MCS,COE 200,83738,Hisham Mouath,COE,200,1043,202000641,ANDRZEJ HEWITT
202202,MCS,COE 200,83738,Hisham Mouath,COE,200,1043,202000642,PAULETTE HAYWARD
202202,MCS,COE 200,83738,Hisham Mouath,COE,200,1043,202000643,NANA SLADE
202202,MCS,COE 200,83738,Hisham Mouath,COE,200,1043,202000644,Max Ireland
202202,MCS,COE 200,83738,Hisham Mouath,COE,200,1043,202000645,Giovanni Miah
202202,MCS,COE 200,83738,Hisham Mouath,COE,200,1043,202000646,Nathalie Green
202202,MCS,COE 200,83738,Hisham Mouath,COE,200,1043,202000647,Ellie Douglas
202202,MCS,COE 200,83738,Hisham Mouath,COE,200,1043,202000648,Francis Sadler
202202,MCS,COE 200,83738,Hisham Mouath,COE,200,1043,202000649,Lawrence Drew
202202,MCS,COE 308,83788,Abrahim ALshammari,COE,308,1044,202000650,Derrick Meredith
202202,MCS,COE 308,83788,Abrahim ALshammari,COE,308,1044,202000651,Neal Wells
202202,MCS,COE 308,83788,Abrahim ALshammari,COE,308,1044,202000652,Clara Gee
202202,MCS,COE 308,83788,Abrahim ALshammari,COE,308,1044,202000653,Josh Driver
202202,MCS,COE 308,83788,Abrahim ALshammari,COE,308,1044,202000654,Greta Coles
202202,MCS,COE 308,83788,Abrahim ALshammari,COE,308,1044,202000655,Allison Armstrong
202202,MCS,COE 308,83788,Abrahim ALshammari,COE,308,1044,202000656,Andreas Hadley
202202,MCS,COE 308,83788,Abrahim ALshammari,COE,308,1044,202000657,Andrzej Hewitt
202202,MCS,COE 308,83788,Abrahim ALshammari,COE,308,1044,202000658,Paulette Hayward
202202,MCS,COE 308,83788,Abrahim ALshammari,COE,308,1044,202000659,Nana Slade
202202,MCS,COE 308,83788,Abrahim ALshammari,COE,308,1044,202000660,Loretta Sykes
202202,MCS,COE 308,83788,Abrahim ALshammari,COE,308,1044,202000661,Winifred Beckett
202202,MCS,COE 308,83788,Abrahim ALshammari,COE,308,1044,202000662,Sidney Watt
202202,MCS,COE 308,83788,Abrahim ALshammari,COE,308,1044,202000663,Asha Collier
202202,MCS,COE 308,83788,Abrahim ALshammari,COE,308,1044,202000664,Florence Hobbs
202202,MCS,COE 308,83788,Abrahim ALshammari,COE,308,1044,202000665,Bernadette Sadler
202202,MCS,COE 308,83788,Abrahim ALshammari,COE,308,1044,202000666,Ibrahim Craven
202202,MCS,COE 308,83788,Abrahim ALshammari,COE,308,1044,202000667,Kate Lyon
202202,MCS,COE 308,83788,Abrahim ALshammari,COE,308,1044,202000668,Wilfred Banks
202202,MCS,COE 308,83788,Abrahim ALshammari,COE,308,1044,202000669,Kiran Henderson
202202,MCS,COE 308,83788,Abrahim ALshammari,COE,308,1044,202000670,Daryl Spooner
202202,MCS,COE 308,83788,Abrahim ALshammari,COE,308,1044,202000671,Glen Casey
202202,MCS,COE 308,83788,Abrahim ALshammari,COE,308,1044,202000672,Arnold Foster
202202,MCS,COE 308,83788,Abrahim ALshammari,COE,308,1044,202000673,Dennis Major
202202,MCS,COE 308,83788,Abrahim ALshammari,COE,308,1044,202000674,Selina Campbell
202202,MCS,COE 308,83788,Abrahim ALshammari,COE,308,1045,202000675,Glyn Lamb
202202,MCS,COE 308,83788,Abrahim ALshammari,COE,308,1045,202000676,Louisa Moon
202202,MCS,COE 308,83788,Abrahim ALshammari,COE,308,1045,202000677,Zena Chandler
202202,MCS,COE 308,83788,Abrahim ALshammari,COE,308,1045,202000678,Vikki Rai
202202,MCS,COE 308,83788,Abrahim ALshammari,COE,308,1045,202000679,Max Ireland
202202,MCS,COE 308,83788,Abrahim ALshammari,COE,308,1045,202000680,Giovanni Miah
202202,MCS,COE 308,83788,Abrahim ALshammari,COE,308,1045,202000681,Nathalie Green
202202,MCS,COE 308,83788,Abrahim ALshammari,COE,308,1045,202000682,Ellie Douglas
202202,MCS,COE 308,83788,Abrahim ALshammari,COE,308,1045,202000683,Francis Sadler
202202,MCS,COE 308,83788,Abrahim ALshammari,COE,308,1045,202000684,Lawrence Drew
202202,MCS,COE 308,83788,Abrahim ALshammari,COE,308,1045,202000685,Derrick Meredith
202202,MCS,COE 308,83788,Abrahim ALshammari,COE,308,1045,202000686,Neal Wells
202202,MCS,COE 308,83788,Abrahim ALshammari,COE,308,1045,202000687,Clara Gee
202202,MCS,COE 308,83788,Abrahim ALshammari,COE,308,1045,202000688,Josh Driver
202202,MCS,COE 308,83788,Abrahim ALshammari,COE,308,1045,202000689,Greta Coles
202202,MCS,COE 308,83788,Abrahim ALshammari,COE,308,1045,202000690,Allison Armstrong
202202,MCS,COE 308,83788,Abrahim ALshammari,COE,308,1045,202000691,Andreas Hadley
202202,MCS,COE 308,83788,Abrahim ALshammari,COE,308,1045,202000692,Andrzej Hewitt
202202,MCS,COE 308,83788,Abrahim ALshammari,COE,308,1045,202000693,Paulette Hayward
202202,MCS,COE 308,83788,Abrahim ALshammari,COE,308,1045,202000694,Nana Slade
202202,MCS,COE 308,83788,Abrahim ALshammari,COE,308,1045,202000695,Loretta Sykes
202202,MCS,COE 308,83788,Abrahim ALshammari,COE,308,1045,202000696,Winifred Beckett
202202,MCS,COE 308,83788,Abrahim ALshammari,COE,308,1045,202000697,Sidney Watt
202202,MCS,COE 308,83788,Abrahim ALshammari,COE,308,1045,202000698,Asha Collier
202202,MCS,COE 308,83788,Abrahim ALshammari,COE,308,1045,202000699,Derek Ray
202202,MCS,ICS 232,93827,Abdullah Hassan,ICS,232,1046,202000700,Karina Lister
202202,MCS,ICS 232,93827,Abdullah Hassan,ICS,232,1046,202000701,Mohamed Clark
202202,MCS,ICS 232,93827,Abdullah Hassan,ICS,232,1046,202000702,Aleksandra Parkinson
202202,MCS,ICS 232,93827,Abdullah Hassan,ICS,232,1046,202000703,Mohamed Clark
202202,MCS,ICS 232,93827,Abdullah Hassan,ICS,232,1046,202000704,Aleksandra Parkinson
202202,MCS,ICS 232,93827,Abdullah Hassan,ICS,232,1046,202000705,Philip Bassett
202202,MCS,ICS 232,93827,Abdullah Hassan,ICS,232,1046,202000706,Juan Marchant
202202,MCS,ICS 232,93827,Abdullah Hassan,ICS,232,1046,202000707,Craig Millard
202202,MCS,ICS 232,93827,Abdullah Hassan,ICS,232,1046,202000708,Louisa Moon
202202,MCS,ICS 232,93827,Abdullah Hassan,ICS,232,1046,202000709,Vivian Rogers
202202,MCS,ICS 232,93827,Abdullah Hassan,ICS,232,1046,202000710,Zena Chandler
202202,MCS,ICS 232,93827,Abdullah Hassan,ICS,232,1046,202000711,Vikki Rai
202202,MCS,ICS 232,93827,Abdullah Hassan,ICS,232,1046,202000712,Max Ireland
202202,MCS,ICS 232,93827,Abdullah Hassan,ICS,232,1046,202000713,Giovanni Miah
202202,MCS,ICS 232,93827,Abdullah Hassan,ICS,232,1046,202000714,Nathalie Green
202202,MCS,ICS 232,93827,Abdullah Hassan,ICS,232,1046,202000715,Ellie Douglas
202202,MCS,ICS 232,93827,Abdullah Hassan,ICS,232,1046,202000716,Neal Wells
202202,MCS,ICS 232,93827,Abdullah Hassan,ICS,232,1046,202000717,Clara Gee
202202,MCS,ICS 232,93827,Abdullah Hassan,ICS,232,1046,202000718,Josh Driver
202202,MCS,ICS 232,93827,Abdullah Hassan,ICS,232,1046,202000719,Greta Coles
202202,MCS,ICS 232,93827,Abdullah Hassan,ICS,232,1046,202000720,Allison Armstrong
202202,MCS,ICS 232,93827,Abdullah Hassan,ICS,232,1046,202000721,Andreas Hadley
202202,MCS,ICS 232,93827,Abdullah Hassan,ICS,232,1046,202000722,Andrzej Hewitt
202202,MCS,ICS 232,93827,Abdullah Hassan,ICS,232,1046,202000723,Paulette Hayward
202202,MCS,ICS 232,93827,Abdullah Hassan,ICS,232,1046,202000724,Nana Slade
202202,MCS,ICS 232,93827,Abdullah Hassan,ICS,232,1046,202000725,Loretta Sykes
202202,MCS,ICS 232,93827,Abdullah Hassan,ICS,232,1046,202000726,Winifred Beckett
202202,MCS,ICS 232,93827,Abdullah Hassan,ICS,232,1046,202000727,Sidney Watt
202202,MCS,ICS 232,93827,Abdullah Hassan,ICS,232,1046,202000728,Asha Collier
202202,MCS,ICS 232,93827,Abdullah Hassan,ICS,232,1046,202000729,Florence Hobbs
202202,MCS,ICS 232,93827,Abdullah Hassan,ICS,232,1047,202000730,Bernadette Sadler
202202,MCS,ICS 232,93827,Abdullah Hassan,ICS,232,1047,202000731,Philip Bassett
202202,MCS,ICS 232,93827,Abdullah Hassan,ICS,232,1047,202000732,Tanya Goldsmith
202202,MCS,ICS 232,93827,Abdullah Hassan,ICS,232,1047,202000733,Trevor Bird
202202,MCS,ICS 232,93827,Abdullah Hassan,ICS,232,1047,202000734,Cathryn Rose
202202,MCS,ICS 232,93827,Abdullah Hassan,ICS,232,1047,202000735,Dominique Hollis
202202,MCS,ICS 232,93827,Abdullah Hassan,ICS,232,1047,202000736,Sian Herbert
202202,MCS,ICS 232,93827,Abdullah Hassan,ICS,232,1047,202000737,May Spicer
202202,MCS,ICS 232,93827,Abdullah Hassan,ICS,232,1047,202000738,Roy Gill
202202,MCS,ICS 232,93827,Abdullah Hassan,ICS,232,1047,202000739,M Boyce
202202,MCS,ICS 232,93827,Abdullah Hassan,ICS,232,1047,202000740,Selina Campbell
202202,MCS,ICS 232,93827,Abdullah Hassan,ICS,232,1047,202000741,Glyn Lamb
202202,MCS,ICS 232,93827,Abdullah Hassan,ICS,232,1047,202000742,Louisa Moon
202202,MCS,ICS 232,93827,Abdullah Hassan,ICS,232,1047,202000743,Vivian Rogers
202202,MCS,ICS 232,93827,Abdullah Hassan,ICS,232,1047,202000744,Zena Chandler
202202,MCS,ICS 232,93827,Abdullah Hassan,ICS,232,1047,202000745,Vikki Rai
202202,MCS,ICS 232,93827,Abdullah Hassan,ICS,232,1047,202000746,Max Ireland
202202,MCS,ICS 232,93827,Abdullah Hassan,ICS,232,1047,202000747,Giovanni Miah
202202,MCS,ICS 232,93827,Abdullah Hassan,ICS,232,1047,202000748,Nathalie Green
202202,MCS,ICS 232,93827,Abdullah Hassan,ICS,232,1047,202000749,Ellie Douglas
202202,MCS,ICS 232,93827,Abdullah Hassan,ICS,232,1047,202000750,Francis Sadler
202202,MCS,ICS 232,93827,Abdullah Hassan,ICS,232,1047,202000751,Lawrence Drew
202202,MCS,ICS 232,93827,Abdullah Hassan,ICS,232,1047,202000752,Derrick Meredith
202202,MCS,ICS 232,93827,Abdullah Hassan,ICS,232,1047,202000753,Neal Wells
202202,MCS,ICS 232,93827,Abdullah Hassan,ICS,232,1047,202000754,Clara Gee
202202,MCS,ICS 232,93827,Abdullah Hassan,ICS,232,1047,202000755,Josh Driver
202202,MCS,ICS 232,93827,Abdullah Hassan,ICS,232,1047,202000756,Charles Vaughan
202202,MCS,ICS 232,93827,Abdullah Hassan,ICS,232,1047,202000757,Wai Groves
202202,MCS,ICS 232,93827,Abdullah Hassan,ICS,232,1047,202000758,Peter Hulme
202202,MCS,ICS 232,93827,Abdullah Hassan,ICS,232,1047,202000759,Michal Morrison
202202,MCS,ICS 232,93827,Abdullah Hassan,ICS,232,1047,202000760,Enid Bates
202202,MCS,ICS 232,93827,Abdullah Hassan,ICS,232,1047,202000761,Sonia Rai
202202,MCS,ICS 232,93827,Abdullah Hassan,ICS,232,1047,202000762,Angie Anderson
202202,MCS,ICS 232,93827,Abdullah Hassan,ICS,232,1047,202000763,Geoffrey Godfrey
202202,MCS,ICS 232,93827,Abdullah Hassan,ICS,232,1047,202000764,Sadia Gibbons
202202,MCS,ICS 232,93827,Abdullah Hassan,ICS,232,1048,202000765,Liza Kaur
202202,MCS,ICS 232,93827,Abdullah Hassan,ICS,232,1048,202000766,Sabina Molloy
202202,MCS,ICS 232,93827,Abdullah Hassan,ICS,232,1048,202000767,Anthony Coombs
202202,MCS,ICS 232,93827,Abdullah Hassan,ICS,232,1048,202000768,Narinder Howard
202202,MCS,ICS 232,93827,Abdullah Hassan,ICS,232,1048,202000769,Ian Marchant
202202,MCS,ICS 232,93827,Abdullah Hassan,ICS,232,1048,202000770,Kenny Wood
202202,MCS,ICS 232,93827,Abdullah Hassan,ICS,232,1048,202000771,Alistair Wilkins
202202,MCS,ICS 232,93827,Abdullah Hassan,ICS,232,1048,202000772,Rafal Buxton
202202,MCS,ICS 232,93827,Abdullah Hassan,ICS,232,1048,202000773,Collette Hinton
202202,MCS,ICS 232,93827,Abdullah Hassan,ICS,232,1048,202000774,Marianne Haywood
202202,MCS,ICS 232,93827,Abdullah Hassan,ICS,232,1048,202000775,Mildred Masters
202202,MCS,ICS 232,93827,Abdullah Hassan,ICS,232,1048,202000776,Kieron Chadwick
202202,MCS,ICS 232,93827,Abdullah Hassan,ICS,232,1048,202000777,Robbie Sullivan
202202,MCS,ICS 232,93827,Abdullah Hassan,ICS,232,1048,202000778,Maria Doyle
202202,MCS,ICS 232,93827,Abdullah Hassan,ICS,232,1048,202000779,Terri Radford
202202,MCS,ICS 232,93827,Abdullah Hassan,ICS,232,1048,202000780,Dale Hardy
202202,MCS,ICS 232,93827,Abdullah Hassan,ICS,232,1048,202000781,Lizzie Clayton
202202,MCS,ICS 232,93827,Abdullah Hassan,ICS,232,1048,202000782,Pearl Talbot
202202,MCS,ICS 232,93827,Abdullah Hassan,ICS,232,1048,202000783,Tracie Farrow
202202,MCS,ICS 232,93827,Abdullah Hassan,ICS,232,1048,202000784,Daryl Spooner
202202,MCS,ICS 232,93827,Abdullah Hassan,ICS,232,1048,202000785,Glen Casey
202202,MCS,ICS 232,93827,Abdullah Hassan,ICS,232,1048,202000786,Arnold Foster
202202,MCS,ICS 232,93827,Abdullah Hassan,ICS,232,1048,202000787,Dennis Major
202202,MCS,ICS 232,93827,Abdullah Hassan,ICS,232,1048,202000788,Derek Ray
202202,MCS,ICS 232,93827,Abdullah Hassan,ICS,232,1048,202000789,Karina Lister
202202,MCS,ICS 232,93827,Abdullah Hassan,ICS,232,1048,202000790,Mohamed Clark
202202,MCS,ICS 232,93827,Abdullah Hassan,ICS,232,1048,202000791,Aleksandra Parkinson
202202,MCS,ICS 232,93827,Abdullah Hassan,ICS,232,1048,202000792,Philip Bassett
202202,MCS,ICS 232,93827,Abdullah Hassan,ICS,232,1048,202000793,Juan Marchant
202202,MCS,ICS 232,93827,Abdullah Hassan,ICS,232,1048,202000794,Craig Millard
202202,MCS,ICS 232,93827,Abdullah Hassan,ICS,232,1048,202000795,Rita Needham
202202,MCS,ICS 232,93827,Abdullah Hassan,ICS,232,1048,202000796,Irene White
202202,MCS,ICS 232,93827,Abdullah Hassan,ICS,232,1048,202000797,Colin Gates
202202,MCS,ICS 232,93827,Abdullah Hassan,ICS,232,1048,202000798,Imogen Middleton
202202,MCS,ICS 232,93827,Abdullah Hassan,ICS,232,1048,202000799,Tanya Goldsmith